-- Local development seed data.
-- Loaded automatically by `supabase db reset` via supabase/config.toml.

begin;

-- Fixed IDs keep local seed rows predictable and make related records easy to inspect.
-- Login: local@example.test / password123
insert into auth.users (
    instance_id,
    id,
    aud,
    role,
    email,
    encrypted_password,
    email_confirmed_at,
    confirmation_token,
    recovery_token,
    email_change_token_new,
    email_change,
    phone,
    phone_change,
    phone_change_token,
    email_change_token_current,
    email_change_confirm_status,
    reauthentication_token,
    last_sign_in_at,
    raw_app_meta_data,
    raw_user_meta_data,
    is_super_admin,
    is_sso_user,
    is_anonymous,
    created_at,
    updated_at
)
values (
    '00000000-0000-0000-0000-000000000000',
    '00000000-0000-4000-8000-000000000031',
    'authenticated',
    'authenticated',
    'local@example.test',
    crypt('password123', gen_salt('bf')),
    now(),
    '',
    '',
    '',
    '',
    null,
    '',
    '',
    '',
    0,
    '',
    now(),
    '{"provider": "email", "providers": ["email"]}'::jsonb,
    '{"display_name": "本地开发用户"}'::jsonb,
    false,
    false,
    false,
    now(),
    now()
)
on conflict (id) do update
set
    email = excluded.email,
    encrypted_password = excluded.encrypted_password,
    email_confirmed_at = excluded.email_confirmed_at,
    confirmation_token = excluded.confirmation_token,
    recovery_token = excluded.recovery_token,
    email_change_token_new = excluded.email_change_token_new,
    email_change = excluded.email_change,
    phone = excluded.phone,
    phone_change = excluded.phone_change,
    phone_change_token = excluded.phone_change_token,
    email_change_token_current = excluded.email_change_token_current,
    email_change_confirm_status = excluded.email_change_confirm_status,
    reauthentication_token = excluded.reauthentication_token,
    raw_app_meta_data = excluded.raw_app_meta_data,
    raw_user_meta_data = excluded.raw_user_meta_data,
    is_super_admin = excluded.is_super_admin,
    is_sso_user = excluded.is_sso_user,
    is_anonymous = excluded.is_anonymous,
    updated_at = excluded.updated_at;

insert into auth.identities (
    id,
    provider_id,
    user_id,
    identity_data,
    provider,
    last_sign_in_at,
    created_at,
    updated_at
)
values (
    '00000000-0000-4000-8000-000000000131',
    '00000000-0000-4000-8000-000000000031',
    '00000000-0000-4000-8000-000000000031',
    jsonb_build_object(
        'sub', '00000000-0000-4000-8000-000000000031',
        'email', 'local@example.test',
        'email_verified', true,
        'phone_verified', false
    ),
    'email',
    now(),
    now(),
    now()
)
on conflict (provider_id, provider) do update
set
    identity_data = excluded.identity_data,
    last_sign_in_at = excluded.last_sign_in_at,
    updated_at = excluded.updated_at;

insert into auth.users (
    instance_id,
    id,
    aud,
    role,
    email,
    encrypted_password,
    email_confirmed_at,
    confirmation_token,
    recovery_token,
    email_change_token_new,
    email_change,
    phone,
    phone_change,
    phone_change_token,
    email_change_token_current,
    email_change_confirm_status,
    reauthentication_token,
    last_sign_in_at,
    raw_app_meta_data,
    raw_user_meta_data,
    is_super_admin,
    is_sso_user,
    is_anonymous,
    created_at,
    updated_at
)
values (
    '00000000-0000-0000-0000-000000000000',
    '00000000-0000-4000-8000-000000000034',
    'authenticated',
    'authenticated',
    'local2@example.test',
    crypt('password123', gen_salt('bf')),
    now(),
    '',
    '',
    '',
    '',
    null,
    '',
    '',
    '',
    0,
    '',
    now(),
    '{"provider": "email", "providers": ["email"]}'::jsonb,
    '{"display_name": "本地开发用户2"}'::jsonb,
    false,
    false,
    false,
    now(),
    now()
)
on conflict (id) do update
set
    email = excluded.email,
    encrypted_password = excluded.encrypted_password,
    email_confirmed_at = excluded.email_confirmed_at,
    confirmation_token = excluded.confirmation_token,
    recovery_token = excluded.recovery_token,
    email_change_token_new = excluded.email_change_token_new,
    email_change = excluded.email_change,
    phone = excluded.phone,
    phone_change = excluded.phone_change,
    phone_change_token = excluded.phone_change_token,
    email_change_token_current = excluded.email_change_token_current,
    email_change_confirm_status = excluded.email_change_confirm_status,
    reauthentication_token = excluded.reauthentication_token,
    raw_app_meta_data = excluded.raw_app_meta_data,
    raw_user_meta_data = excluded.raw_user_meta_data,
    is_super_admin = excluded.is_super_admin,
    is_sso_user = excluded.is_sso_user,
    is_anonymous = excluded.is_anonymous,
    updated_at = excluded.updated_at;

insert into auth.identities (
    id,
    provider_id,
    user_id,
    identity_data,
    provider,
    last_sign_in_at,
    created_at,
    updated_at
)
values (
    '00000000-0000-4000-8000-000000000134',
    '00000000-0000-4000-8000-000000000034',
    '00000000-0000-4000-8000-000000000034',
    jsonb_build_object(
        'sub', '00000000-0000-4000-8000-000000000034',
        'email', 'local2@example.test',
        'email_verified', true,
        'phone_verified', false
    ),
    'email',
    now(),
    now(),
    now()
)
on conflict (provider_id, provider) do update
set
    identity_data = excluded.identity_data,
    last_sign_in_at = excluded.last_sign_in_at,
    updated_at = excluded.updated_at;

-- app_user rows are created by the auth.users trigger above.
-- These updates normalize local seed profile fields after the trigger runs.
update public.app_user
set
    display_name = '本地开发用户',
    email = 'local@example.test',
    status = 'active',
    created_by = id,
    updated_by = id,
    updated_at = now()
where id = '00000000-0000-4000-8000-000000000031';

update public.app_user
set
    display_name = '本地开发用户2',
    email = 'local2@example.test',
    status = 'active',
    created_by = id,
    updated_by = id,
    updated_at = now()
where id = '00000000-0000-4000-8000-000000000034';

insert into public.ledger (
    id,
    name,
    base_currency,
    owner_user_id,
    created_by,
    updated_by
)
values (
    '00000000-0000-4000-8000-000000000032',
    '家庭账本',
    'JPY',
    '00000000-0000-4000-8000-000000000031',
    '00000000-0000-4000-8000-000000000031',
    '00000000-0000-4000-8000-000000000031'
)
on conflict (id) do update
set
    name = excluded.name,
    base_currency = excluded.base_currency,
    owner_user_id = excluded.owner_user_id,
    updated_by = excluded.updated_by,
    updated_at = now();

-- ledger_member.role is immutable by the schema trigger, so conflict updates
-- refresh membership status and timestamps without changing role.
insert into public.ledger_member (
    id,
    ledger_id,
    user_id,
    role,
    status,
    invited_by,
    invited_at,
    joined_at,
    created_by,
    updated_by
)
values (
    '00000000-0000-4000-8000-000000000033',
    '00000000-0000-4000-8000-000000000032',
    '00000000-0000-4000-8000-000000000031',
    'owner',
    'active',
    '00000000-0000-4000-8000-000000000031',
    now(),
    now(),
    '00000000-0000-4000-8000-000000000031',
    '00000000-0000-4000-8000-000000000031'
)
on conflict (id) do update
set
    status = excluded.status,
    invited_by = excluded.invited_by,
    invited_at = excluded.invited_at,
    joined_at = excluded.joined_at,
    removed_by = null,
    removed_at = null,
    updated_by = excluded.updated_by,
    updated_at = now();

insert into public.ledger_member (
    id,
    ledger_id,
    user_id,
    role,
    status,
    invited_by,
    invited_at,
    joined_at,
    created_by,
    updated_by
)
values (
    '00000000-0000-4000-8000-000000000035',
    '00000000-0000-4000-8000-000000000032',
    '00000000-0000-4000-8000-000000000034',
    'member',
    'active',
    '00000000-0000-4000-8000-000000000031',
    now(),
    now(),
    '00000000-0000-4000-8000-000000000031',
    '00000000-0000-4000-8000-000000000031'
)
on conflict (id) do update
set
    status = excluded.status,
    invited_by = excluded.invited_by,
    invited_at = excluded.invited_at,
    joined_at = excluded.joined_at,
    removed_by = null,
    removed_at = null,
    updated_by = excluded.updated_by,
    updated_at = now();

-- Account upserts also refresh current_balance so local seed balance changes are visible
-- when this file is re-run without a full database reset.
select set_config('app.allow_account_balance_update', 'true', true);

insert into public.account (
    id,
    ledger_id,
    name,
    type,
    currency,
    initial_balance,
    sort_order,
    created_by,
    updated_by
)
values
    (
        '00000000-0000-4000-8000-000000000041',
        '00000000-0000-4000-8000-000000000032',
        '💴 日元现金',
        'cash',
        'JPY',
        48000,
        10,
        '00000000-0000-4000-8000-000000000031',
        '00000000-0000-4000-8000-000000000031'
    ),
    (
        '00000000-0000-4000-8000-000000000042',
        '00000000-0000-4000-8000-000000000032',
        '💴 泰铢现金',
        'cash',
        'THB',
        3200,
        20,
        '00000000-0000-4000-8000-000000000031',
        '00000000-0000-4000-8000-000000000031'
    ),
    (
        '00000000-0000-4000-8000-000000000043',
        '00000000-0000-4000-8000-000000000032',
        '📘 Debit',
        'bank',
        'JPY',
        285000,
        30,
        '00000000-0000-4000-8000-000000000031',
        '00000000-0000-4000-8000-000000000031'
    ),
    (
        '00000000-0000-4000-8000-000000000044',
        '00000000-0000-4000-8000-000000000032',
        '📕 Debit',
        'bank',
        'JPY',
        146000,
        40,
        '00000000-0000-4000-8000-000000000031',
        '00000000-0000-4000-8000-000000000031'
    ),
    (
        '00000000-0000-4000-8000-000000000045',
        '00000000-0000-4000-8000-000000000032',
        '🚙 ICOCA',
        'e_money',
        'JPY',
        6400,
        50,
        '00000000-0000-4000-8000-000000000031',
        '00000000-0000-4000-8000-000000000031'
    ),
    (
        '00000000-0000-4000-8000-000000000046',
        '00000000-0000-4000-8000-000000000032',
        '🚗 ICOCA',
        'e_money',
        'JPY',
        2100,
        60,
        '00000000-0000-4000-8000-000000000031',
        '00000000-0000-4000-8000-000000000031'
    ),
    (
        '00000000-0000-4000-8000-000000000047',
        '00000000-0000-4000-8000-000000000032',
        '📗 Amazon',
        'credit_card',
        'JPY',
        -58200,
        70,
        '00000000-0000-4000-8000-000000000031',
        '00000000-0000-4000-8000-000000000031'
    ),
    (
        '00000000-0000-4000-8000-000000000048',
        '00000000-0000-4000-8000-000000000032',
        '📘 Credit',
        'credit_card',
        'JPY',
        -126000,
        80,
        '00000000-0000-4000-8000-000000000031',
        '00000000-0000-4000-8000-000000000031'
    ),
    (
        '00000000-0000-4000-8000-000000000049',
        '00000000-0000-4000-8000-000000000032',
        '📕 Credit',
        'credit_card',
        'JPY',
        -74300,
        90,
        '00000000-0000-4000-8000-000000000031',
        '00000000-0000-4000-8000-000000000031'
    ),
    (
        '00000000-0000-4000-8000-000000000050',
        '00000000-0000-4000-8000-000000000032',
        '📒 JCB',
        'credit_card',
        'JPY',
        -31800,
        100,
        '00000000-0000-4000-8000-000000000031',
        '00000000-0000-4000-8000-000000000031'
    ),
    (
        '00000000-0000-4000-8000-000000000051',
        '00000000-0000-4000-8000-000000000032',
        '📙 Rakuten',
        'credit_card',
        'JPY',
        -96500,
        110,
        '00000000-0000-4000-8000-000000000031',
        '00000000-0000-4000-8000-000000000031'
    )
on conflict (id) do update
set
    name = excluded.name,
    type = excluded.type,
    currency = excluded.currency,
    initial_balance = excluded.initial_balance,
    current_balance = excluded.initial_balance,
    sort_order = excluded.sort_order,
    updated_by = excluded.updated_by,
    updated_at = now();

insert into public.merchant (
    id,
    ledger_id,
    name,
    website_url,
    note,
    sort_order,
    created_by,
    updated_by
)
values
    (
        '00000000-0000-4000-8000-000000001001',
        '00000000-0000-4000-8000-000000000032',
        '業務スーパー',
        null,
        null,
        10,
        '00000000-0000-4000-8000-000000000031',
        '00000000-0000-4000-8000-000000000031'
    ),
    (
        '00000000-0000-4000-8000-000000001002',
        '00000000-0000-4000-8000-000000000032',
        '肉のハナマサ',
        null,
        null,
        20,
        '00000000-0000-4000-8000-000000000031',
        '00000000-0000-4000-8000-000000000031'
    ),
    (
        '00000000-0000-4000-8000-000000001003',
        '00000000-0000-4000-8000-000000000032',
        '天满市场',
        null,
        null,
        30,
        '00000000-0000-4000-8000-000000000031',
        '00000000-0000-4000-8000-000000000031'
    ),
    (
        '00000000-0000-4000-8000-000000001004',
        '00000000-0000-4000-8000-000000000032',
        'コノミヤ',
        null,
        null,
        40,
        '00000000-0000-4000-8000-000000000031',
        '00000000-0000-4000-8000-000000000031'
    ),
    (
        '00000000-0000-4000-8000-000000001005',
        '00000000-0000-4000-8000-000000000032',
        'KOHYO超市',
        null,
        null,
        50,
        '00000000-0000-4000-8000-000000000031',
        '00000000-0000-4000-8000-000000000031'
    ),
    (
        '00000000-0000-4000-8000-000000001006',
        '00000000-0000-4000-8000-000000000032',
        'A-PRICE超市',
        null,
        null,
        60,
        '00000000-0000-4000-8000-000000000031',
        '00000000-0000-4000-8000-000000000031'
    ),
    (
        '00000000-0000-4000-8000-000000001007',
        '00000000-0000-4000-8000-000000000032',
        'LIFE',
        null,
        null,
        70,
        '00000000-0000-4000-8000-000000000031',
        '00000000-0000-4000-8000-000000000031'
    ),
    (
        '00000000-0000-4000-8000-000000001008',
        '00000000-0000-4000-8000-000000000032',
        'Amazon',
        null,
        null,
        80,
        '00000000-0000-4000-8000-000000000031',
        '00000000-0000-4000-8000-000000000031'
    ),
    (
        '00000000-0000-4000-8000-000000001009',
        '00000000-0000-4000-8000-000000000032',
        'Rakuten',
        null,
        null,
        90,
        '00000000-0000-4000-8000-000000000031',
        '00000000-0000-4000-8000-000000000031'
    ),
    (
        '00000000-0000-4000-8000-000000001010',
        '00000000-0000-4000-8000-000000000032',
        '日本铁路',
        null,
        null,
        100,
        '00000000-0000-4000-8000-000000000031',
        '00000000-0000-4000-8000-000000000031'
    ),
    (
        '00000000-0000-4000-8000-000000001011',
        '00000000-0000-4000-8000-000000000032',
        '三菱UFJ',
        null,
        null,
        110,
        '00000000-0000-4000-8000-000000000031',
        '00000000-0000-4000-8000-000000000031'
    ),
    (
        '00000000-0000-4000-8000-000000001012',
        '00000000-0000-4000-8000-000000000032',
        '罗森',
        null,
        null,
        120,
        '00000000-0000-4000-8000-000000000031',
        '00000000-0000-4000-8000-000000000031'
    ),
    (
        '00000000-0000-4000-8000-000000001013',
        '00000000-0000-4000-8000-000000000032',
        'FamilyMart',
        null,
        null,
        130,
        '00000000-0000-4000-8000-000000000031',
        '00000000-0000-4000-8000-000000000031'
    ),
    (
        '00000000-0000-4000-8000-000000001014',
        '00000000-0000-4000-8000-000000000032',
        '711',
        null,
        null,
        140,
        '00000000-0000-4000-8000-000000000031',
        '00000000-0000-4000-8000-000000000031'
    ),
    (
        '00000000-0000-4000-8000-000000001015',
        '00000000-0000-4000-8000-000000000032',
        'DAILY',
        null,
        null,
        150,
        '00000000-0000-4000-8000-000000000031',
        '00000000-0000-4000-8000-000000000031'
    ),
    (
        '00000000-0000-4000-8000-000000001016',
        '00000000-0000-4000-8000-000000000032',
        '小松制造厂便利店',
        null,
        null,
        160,
        '00000000-0000-4000-8000-000000000031',
        '00000000-0000-4000-8000-000000000031'
    ),
    (
        '00000000-0000-4000-8000-000000001017',
        '00000000-0000-4000-8000-000000000032',
        '中华物产店',
        null,
        null,
        170,
        '00000000-0000-4000-8000-000000000031',
        '00000000-0000-4000-8000-000000000031'
    ),
    (
        '00000000-0000-4000-8000-000000001018',
        '00000000-0000-4000-8000-000000000032',
        'UR团地',
        null,
        null,
        180,
        '00000000-0000-4000-8000-000000000031',
        '00000000-0000-4000-8000-000000000031'
    ),
    (
        '00000000-0000-4000-8000-000000001019',
        '00000000-0000-4000-8000-000000000032',
        '机场',
        null,
        null,
        190,
        '00000000-0000-4000-8000-000000000031',
        '00000000-0000-4000-8000-000000000031'
    ),
    (
        '00000000-0000-4000-8000-000000001020',
        '00000000-0000-4000-8000-000000000032',
        '大阪ガス',
        null,
        null,
        200,
        '00000000-0000-4000-8000-000000000031',
        '00000000-0000-4000-8000-000000000031'
    ),
    (
        '00000000-0000-4000-8000-000000001021',
        '00000000-0000-4000-8000-000000000032',
        '株式会社共逹',
        null,
        null,
        210,
        '00000000-0000-4000-8000-000000000031',
        '00000000-0000-4000-8000-000000000031'
    ),
    (
        '00000000-0000-4000-8000-000000001022',
        '00000000-0000-4000-8000-000000000032',
        'Eliss umeda',
        null,
        null,
        220,
        '00000000-0000-4000-8000-000000000031',
        '00000000-0000-4000-8000-000000000031'
    ),
    (
        '00000000-0000-4000-8000-000000001023',
        '00000000-0000-4000-8000-000000000032',
        '任天堂',
        null,
        null,
        230,
        '00000000-0000-4000-8000-000000000031',
        '00000000-0000-4000-8000-000000000031'
    ),
    (
        '00000000-0000-4000-8000-000000001024',
        '00000000-0000-4000-8000-000000000032',
        '堂吉诃德',
        null,
        null,
        240,
        '00000000-0000-4000-8000-000000000031',
        '00000000-0000-4000-8000-000000000031'
    ),
    (
        '00000000-0000-4000-8000-000000001025',
        '00000000-0000-4000-8000-000000000032',
        '麦当劳',
        null,
        null,
        250,
        '00000000-0000-4000-8000-000000000031',
        '00000000-0000-4000-8000-000000000031'
    ),
    (
        '00000000-0000-4000-8000-000000001026',
        '00000000-0000-4000-8000-000000000032',
        'UBER',
        null,
        null,
        260,
        '00000000-0000-4000-8000-000000000031',
        '00000000-0000-4000-8000-000000000031'
    ),
    (
        '00000000-0000-4000-8000-000000001027',
        '00000000-0000-4000-8000-000000000032',
        'THE NORTH FACE',
        null,
        null,
        270,
        '00000000-0000-4000-8000-000000000031',
        '00000000-0000-4000-8000-000000000031'
    ),
    (
        '00000000-0000-4000-8000-000000001028',
        '00000000-0000-4000-8000-000000000032',
        '伊藤久右卫门-宇治抹茶',
        null,
        null,
        280,
        '00000000-0000-4000-8000-000000000031',
        '00000000-0000-4000-8000-000000000031'
    ),
    (
        '00000000-0000-4000-8000-000000001029',
        '00000000-0000-4000-8000-000000000032',
        '优衣库',
        null,
        null,
        290,
        '00000000-0000-4000-8000-000000000031',
        '00000000-0000-4000-8000-000000000031'
    ),
    (
        '00000000-0000-4000-8000-000000001030',
        '00000000-0000-4000-8000-000000000032',
        'WORKMAN',
        null,
        null,
        300,
        '00000000-0000-4000-8000-000000000031',
        '00000000-0000-4000-8000-000000000031'
    ),
    (
        '00000000-0000-4000-8000-000000001031',
        '00000000-0000-4000-8000-000000000032',
        '各种小商铺',
        null,
        null,
        310,
        '00000000-0000-4000-8000-000000000031',
        '00000000-0000-4000-8000-000000000031'
    ),
    (
        '00000000-0000-4000-8000-000000001032',
        '00000000-0000-4000-8000-000000000032',
        '自动贩卖机',
        null,
        null,
        320,
        '00000000-0000-4000-8000-000000000031',
        '00000000-0000-4000-8000-000000000031'
    ),
    (
        '00000000-0000-4000-8000-000000001033',
        '00000000-0000-4000-8000-000000000032',
        'CHATGPT',
        null,
        null,
        330,
        '00000000-0000-4000-8000-000000000031',
        '00000000-0000-4000-8000-000000000031'
    ),
    (
        '00000000-0000-4000-8000-000000001034',
        '00000000-0000-4000-8000-000000000032',
        '苹果',
        null,
        null,
        340,
        '00000000-0000-4000-8000-000000000031',
        '00000000-0000-4000-8000-000000000031'
    ),
    (
        '00000000-0000-4000-8000-000000001035',
        '00000000-0000-4000-8000-000000000032',
        '邮局',
        null,
        null,
        350,
        '00000000-0000-4000-8000-000000000031',
        '00000000-0000-4000-8000-000000000031'
    ),
    (
        '00000000-0000-4000-8000-000000001036',
        '00000000-0000-4000-8000-000000000032',
        '松本清',
        null,
        null,
        360,
        '00000000-0000-4000-8000-000000000031',
        '00000000-0000-4000-8000-000000000031'
    ),
    (
        '00000000-0000-4000-8000-000000001037',
        '00000000-0000-4000-8000-000000000032',
        '友都巴喜',
        null,
        null,
        370,
        '00000000-0000-4000-8000-000000000031',
        '00000000-0000-4000-8000-000000000031'
    ),
    (
        '00000000-0000-4000-8000-000000001038',
        '00000000-0000-4000-8000-000000000032',
        '环球影城',
        null,
        null,
        380,
        '00000000-0000-4000-8000-000000000031',
        '00000000-0000-4000-8000-000000000031'
    ),
    (
        '00000000-0000-4000-8000-000000001039',
        '00000000-0000-4000-8000-000000000032',
        'Can★Do',
        null,
        null,
        390,
        '00000000-0000-4000-8000-000000000031',
        '00000000-0000-4000-8000-000000000031'
    ),
    (
        '00000000-0000-4000-8000-000000001040',
        '00000000-0000-4000-8000-000000000032',
        'HOMECENTER',
        null,
        null,
        400,
        '00000000-0000-4000-8000-000000000031',
        '00000000-0000-4000-8000-000000000031'
    ),
    (
        '00000000-0000-4000-8000-000000001041',
        '00000000-0000-4000-8000-000000000032',
        '爱电王',
        null,
        null,
        410,
        '00000000-0000-4000-8000-000000000031',
        '00000000-0000-4000-8000-000000000031'
    ),
    (
        '00000000-0000-4000-8000-000000001042',
        '00000000-0000-4000-8000-000000000032',
        'BIKE SHARE',
        null,
        null,
        420,
        '00000000-0000-4000-8000-000000000031',
        '00000000-0000-4000-8000-000000000031'
    ),
    (
        '00000000-0000-4000-8000-000000001043',
        '00000000-0000-4000-8000-000000000032',
        '自行车てるてる',
        null,
        null,
        430,
        '00000000-0000-4000-8000-000000000031',
        '00000000-0000-4000-8000-000000000031'
    ),
    (
        '00000000-0000-4000-8000-000000001044',
        '00000000-0000-4000-8000-000000000032',
        '大阪出入境管理局',
        null,
        null,
        440,
        '00000000-0000-4000-8000-000000000031',
        '00000000-0000-4000-8000-000000000031'
    ),
    (
        '00000000-0000-4000-8000-000000001045',
        '00000000-0000-4000-8000-000000000032',
        '大阪市政府',
        null,
        null,
        450,
        '00000000-0000-4000-8000-000000000031',
        '00000000-0000-4000-8000-000000000031'
    ),
    (
        '00000000-0000-4000-8000-000000001046',
        '00000000-0000-4000-8000-000000000032',
        'JAF自动车联盟',
        null,
        null,
        460,
        '00000000-0000-4000-8000-000000000031',
        '00000000-0000-4000-8000-000000000031'
    ),
    (
        '00000000-0000-4000-8000-000000001047',
        '00000000-0000-4000-8000-000000000032',
        '日本政府（保险）',
        null,
        null,
        470,
        '00000000-0000-4000-8000-000000000031',
        '00000000-0000-4000-8000-000000000031'
    ),
    (
        '00000000-0000-4000-8000-000000001048',
        '00000000-0000-4000-8000-000000000032',
        'Tackle Berry（二手渔具）',
        null,
        null,
        480,
        '00000000-0000-4000-8000-000000000031',
        '00000000-0000-4000-8000-000000000031'
    ),
    (
        '00000000-0000-4000-8000-000000001049',
        '00000000-0000-4000-8000-000000000032',
        '不二家',
        null,
        null,
        490,
        '00000000-0000-4000-8000-000000000031',
        '00000000-0000-4000-8000-000000000031'
    ),
    (
        '00000000-0000-4000-8000-000000001050',
        '00000000-0000-4000-8000-000000000032',
        'SoftBank',
        null,
        null,
        500,
        '00000000-0000-4000-8000-000000000031',
        '00000000-0000-4000-8000-000000000031'
    ),
    (
        '00000000-0000-4000-8000-000000001051',
        '00000000-0000-4000-8000-000000000032',
        '三井住友',
        null,
        null,
        510,
        '00000000-0000-4000-8000-000000000031',
        '00000000-0000-4000-8000-000000000031'
    ),
    (
        '00000000-0000-4000-8000-000000001052',
        '00000000-0000-4000-8000-000000000032',
        '圣巴拿巴医院',
        null,
        null,
        520,
        '00000000-0000-4000-8000-000000000031',
        '00000000-0000-4000-8000-000000000031'
    ),
    (
        '00000000-0000-4000-8000-000000001053',
        '00000000-0000-4000-8000-000000000032',
        'BIJOUPIKO',
        null,
        null,
        530,
        '00000000-0000-4000-8000-000000000031',
        '00000000-0000-4000-8000-000000000031'
    ),
    (
        '00000000-0000-4000-8000-000000001054',
        '00000000-0000-4000-8000-000000000032',
        '株式会社アジティス',
        null,
        null,
        540,
        '00000000-0000-4000-8000-000000000031',
        '00000000-0000-4000-8000-000000000031'
    ),
    (
        '00000000-0000-4000-8000-000000001055',
        '00000000-0000-4000-8000-000000000032',
        '吉野家',
        null,
        null,
        550,
        '00000000-0000-4000-8000-000000000031',
        '00000000-0000-4000-8000-000000000031'
    )
on conflict (id) do nothing;

insert into public.merchant_alias (
    id,
    merchant_id,
    alias,
    locale,
    sort_order,
    created_by,
    updated_by
)
values
    (
        '00000000-0000-4000-8000-000000003001',
        '00000000-0000-4000-8000-000000001001',
        '业务超市',
        'zh-Hans',
        10,
        '00000000-0000-4000-8000-000000000031',
        '00000000-0000-4000-8000-000000000031'
    ),
    (
        '00000000-0000-4000-8000-000000003002',
        '00000000-0000-4000-8000-000000001001',
        'Gyomu Super',
        'en',
        20,
        '00000000-0000-4000-8000-000000000031',
        '00000000-0000-4000-8000-000000000031'
    ),
    (
        '00000000-0000-4000-8000-000000003003',
        '00000000-0000-4000-8000-000000001002',
        '牛头店',
        'zh-Hans',
        10,
        '00000000-0000-4000-8000-000000000031',
        '00000000-0000-4000-8000-000000000031'
    ),
    (
        '00000000-0000-4000-8000-000000003004',
        '00000000-0000-4000-8000-000000001002',
        '肉之花正',
        'zh-Hans',
        20,
        '00000000-0000-4000-8000-000000000031',
        '00000000-0000-4000-8000-000000000031'
    ),
    (
        '00000000-0000-4000-8000-000000003005',
        '00000000-0000-4000-8000-000000001003',
        '天満市场',
        'zh-Hans',
        10,
        '00000000-0000-4000-8000-000000000031',
        '00000000-0000-4000-8000-000000000031'
    ),
    (
        '00000000-0000-4000-8000-000000003006',
        '00000000-0000-4000-8000-000000001003',
        'Tenma Market',
        'en',
        20,
        '00000000-0000-4000-8000-000000000031',
        '00000000-0000-4000-8000-000000000031'
    ),
    (
        '00000000-0000-4000-8000-000000003007',
        '00000000-0000-4000-8000-000000001004',
        'Konomiya',
        'en',
        10,
        '00000000-0000-4000-8000-000000000031',
        '00000000-0000-4000-8000-000000000031'
    ),
    (
        '00000000-0000-4000-8000-000000003008',
        '00000000-0000-4000-8000-000000001004',
        '近江屋超市',
        'zh-Hans',
        20,
        '00000000-0000-4000-8000-000000000031',
        '00000000-0000-4000-8000-000000000031'
    ),
    (
        '00000000-0000-4000-8000-000000003009',
        '00000000-0000-4000-8000-000000001005',
        '光洋超市',
        'zh-Hans',
        10,
        '00000000-0000-4000-8000-000000000031',
        '00000000-0000-4000-8000-000000000031'
    ),
    (
        '00000000-0000-4000-8000-000000003010',
        '00000000-0000-4000-8000-000000001005',
        'KOHYO',
        'en',
        20,
        '00000000-0000-4000-8000-000000000031',
        '00000000-0000-4000-8000-000000000031'
    ),
    (
        '00000000-0000-4000-8000-000000003011',
        '00000000-0000-4000-8000-000000001006',
        'A-PRICE',
        'en',
        10,
        '00000000-0000-4000-8000-000000000031',
        '00000000-0000-4000-8000-000000000031'
    ),
    (
        '00000000-0000-4000-8000-000000003012',
        '00000000-0000-4000-8000-000000001006',
        '批发超市',
        'zh-Hans',
        20,
        '00000000-0000-4000-8000-000000000031',
        '00000000-0000-4000-8000-000000000031'
    ),
    (
        '00000000-0000-4000-8000-000000003013',
        '00000000-0000-4000-8000-000000001007',
        'ライフ',
        'ja',
        10,
        '00000000-0000-4000-8000-000000000031',
        '00000000-0000-4000-8000-000000000031'
    ),
    (
        '00000000-0000-4000-8000-000000003014',
        '00000000-0000-4000-8000-000000001007',
        '来福',
        'zh-Hans',
        20,
        '00000000-0000-4000-8000-000000000031',
        '00000000-0000-4000-8000-000000000031'
    ),
    (
        '00000000-0000-4000-8000-000000003015',
        '00000000-0000-4000-8000-000000001008',
        '亚马逊',
        'zh-Hans',
        10,
        '00000000-0000-4000-8000-000000000031',
        '00000000-0000-4000-8000-000000000031'
    ),
    (
        '00000000-0000-4000-8000-000000003016',
        '00000000-0000-4000-8000-000000001008',
        'アマゾン',
        'ja',
        20,
        '00000000-0000-4000-8000-000000000031',
        '00000000-0000-4000-8000-000000000031'
    ),
    (
        '00000000-0000-4000-8000-000000003017',
        '00000000-0000-4000-8000-000000001009',
        '乐天',
        'zh-Hans',
        10,
        '00000000-0000-4000-8000-000000000031',
        '00000000-0000-4000-8000-000000000031'
    ),
    (
        '00000000-0000-4000-8000-000000003018',
        '00000000-0000-4000-8000-000000001009',
        '楽天',
        'ja',
        20,
        '00000000-0000-4000-8000-000000000031',
        '00000000-0000-4000-8000-000000000031'
    ),
    (
        '00000000-0000-4000-8000-000000003019',
        '00000000-0000-4000-8000-000000001010',
        'JR',
        'en',
        10,
        '00000000-0000-4000-8000-000000000031',
        '00000000-0000-4000-8000-000000000031'
    ),
    (
        '00000000-0000-4000-8000-000000003020',
        '00000000-0000-4000-8000-000000001010',
        '日本鉄道',
        'ja',
        20,
        '00000000-0000-4000-8000-000000000031',
        '00000000-0000-4000-8000-000000000031'
    ),
    (
        '00000000-0000-4000-8000-000000003021',
        '00000000-0000-4000-8000-000000001011',
        'MUFG',
        'en',
        10,
        '00000000-0000-4000-8000-000000000031',
        '00000000-0000-4000-8000-000000000031'
    ),
    (
        '00000000-0000-4000-8000-000000003022',
        '00000000-0000-4000-8000-000000001011',
        '三菱银行',
        'zh-Hans',
        20,
        '00000000-0000-4000-8000-000000000031',
        '00000000-0000-4000-8000-000000000031'
    ),
    (
        '00000000-0000-4000-8000-000000003023',
        '00000000-0000-4000-8000-000000001012',
        'Lawson',
        'en',
        10,
        '00000000-0000-4000-8000-000000000031',
        '00000000-0000-4000-8000-000000000031'
    ),
    (
        '00000000-0000-4000-8000-000000003024',
        '00000000-0000-4000-8000-000000001012',
        'ローソン',
        'ja',
        20,
        '00000000-0000-4000-8000-000000000031',
        '00000000-0000-4000-8000-000000000031'
    ),
    (
        '00000000-0000-4000-8000-000000003025',
        '00000000-0000-4000-8000-000000001013',
        '全家',
        'zh-Hans',
        10,
        '00000000-0000-4000-8000-000000000031',
        '00000000-0000-4000-8000-000000000031'
    ),
    (
        '00000000-0000-4000-8000-000000003026',
        '00000000-0000-4000-8000-000000001013',
        'ファミマ',
        'ja',
        20,
        '00000000-0000-4000-8000-000000000031',
        '00000000-0000-4000-8000-000000000031'
    ),
    (
        '00000000-0000-4000-8000-000000003027',
        '00000000-0000-4000-8000-000000001014',
        '7-Eleven',
        'en',
        10,
        '00000000-0000-4000-8000-000000000031',
        '00000000-0000-4000-8000-000000000031'
    ),
    (
        '00000000-0000-4000-8000-000000003028',
        '00000000-0000-4000-8000-000000001014',
        'セブン',
        'ja',
        20,
        '00000000-0000-4000-8000-000000000031',
        '00000000-0000-4000-8000-000000000031'
    ),
    (
        '00000000-0000-4000-8000-000000003029',
        '00000000-0000-4000-8000-000000001015',
        'Daily Yamazaki',
        'en',
        10,
        '00000000-0000-4000-8000-000000000031',
        '00000000-0000-4000-8000-000000000031'
    ),
    (
        '00000000-0000-4000-8000-000000003030',
        '00000000-0000-4000-8000-000000001015',
        'デイリー',
        'ja',
        20,
        '00000000-0000-4000-8000-000000000031',
        '00000000-0000-4000-8000-000000000031'
    ),
    (
        '00000000-0000-4000-8000-000000003031',
        '00000000-0000-4000-8000-000000001016',
        '小松便利店',
        'zh-Hans',
        10,
        '00000000-0000-4000-8000-000000000031',
        '00000000-0000-4000-8000-000000000031'
    ),
    (
        '00000000-0000-4000-8000-000000003032',
        '00000000-0000-4000-8000-000000001016',
        'Komatsu Shop',
        'en',
        20,
        '00000000-0000-4000-8000-000000000031',
        '00000000-0000-4000-8000-000000000031'
    ),
    (
        '00000000-0000-4000-8000-000000003033',
        '00000000-0000-4000-8000-000000001017',
        '中华超市',
        'zh-Hans',
        10,
        '00000000-0000-4000-8000-000000000031',
        '00000000-0000-4000-8000-000000000031'
    ),
    (
        '00000000-0000-4000-8000-000000003034',
        '00000000-0000-4000-8000-000000001017',
        '中国物产店',
        'zh-Hans',
        20,
        '00000000-0000-4000-8000-000000000031',
        '00000000-0000-4000-8000-000000000031'
    ),
    (
        '00000000-0000-4000-8000-000000003035',
        '00000000-0000-4000-8000-000000001018',
        'UR住宅',
        'zh-Hans',
        10,
        '00000000-0000-4000-8000-000000000031',
        '00000000-0000-4000-8000-000000000031'
    ),
    (
        '00000000-0000-4000-8000-000000003036',
        '00000000-0000-4000-8000-000000001018',
        'UR賃貸',
        'ja',
        20,
        '00000000-0000-4000-8000-000000000031',
        '00000000-0000-4000-8000-000000000031'
    ),
    (
        '00000000-0000-4000-8000-000000003037',
        '00000000-0000-4000-8000-000000001019',
        '空港',
        'ja',
        10,
        '00000000-0000-4000-8000-000000000031',
        '00000000-0000-4000-8000-000000000031'
    ),
    (
        '00000000-0000-4000-8000-000000003038',
        '00000000-0000-4000-8000-000000001019',
        'Airport',
        'en',
        20,
        '00000000-0000-4000-8000-000000000031',
        '00000000-0000-4000-8000-000000000031'
    ),
    (
        '00000000-0000-4000-8000-000000003039',
        '00000000-0000-4000-8000-000000001020',
        '大阪煤气',
        'zh-Hans',
        10,
        '00000000-0000-4000-8000-000000000031',
        '00000000-0000-4000-8000-000000000031'
    ),
    (
        '00000000-0000-4000-8000-000000003040',
        '00000000-0000-4000-8000-000000001020',
        'Osaka Gas',
        'en',
        20,
        '00000000-0000-4000-8000-000000000031',
        '00000000-0000-4000-8000-000000000031'
    ),
    (
        '00000000-0000-4000-8000-000000003041',
        '00000000-0000-4000-8000-000000001021',
        '共逹',
        'zh-Hans',
        10,
        '00000000-0000-4000-8000-000000000031',
        '00000000-0000-4000-8000-000000000031'
    ),
    (
        '00000000-0000-4000-8000-000000003042',
        '00000000-0000-4000-8000-000000001021',
        '公司收入',
        'zh-Hans',
        20,
        '00000000-0000-4000-8000-000000000031',
        '00000000-0000-4000-8000-000000000031'
    ),
    (
        '00000000-0000-4000-8000-000000003043',
        '00000000-0000-4000-8000-000000001022',
        '梅田美容',
        'zh-Hans',
        10,
        '00000000-0000-4000-8000-000000000031',
        '00000000-0000-4000-8000-000000000031'
    ),
    (
        '00000000-0000-4000-8000-000000003044',
        '00000000-0000-4000-8000-000000001022',
        'Eliss梅田',
        'zh-Hans',
        20,
        '00000000-0000-4000-8000-000000000031',
        '00000000-0000-4000-8000-000000000031'
    ),
    (
        '00000000-0000-4000-8000-000000003045',
        '00000000-0000-4000-8000-000000001023',
        'Nintendo',
        'en',
        10,
        '00000000-0000-4000-8000-000000000031',
        '00000000-0000-4000-8000-000000000031'
    ),
    (
        '00000000-0000-4000-8000-000000003046',
        '00000000-0000-4000-8000-000000001023',
        'ニンテンドー',
        'ja',
        20,
        '00000000-0000-4000-8000-000000000031',
        '00000000-0000-4000-8000-000000000031'
    ),
    (
        '00000000-0000-4000-8000-000000003047',
        '00000000-0000-4000-8000-000000001024',
        'Don Quijote',
        'en',
        10,
        '00000000-0000-4000-8000-000000000031',
        '00000000-0000-4000-8000-000000000031'
    ),
    (
        '00000000-0000-4000-8000-000000003048',
        '00000000-0000-4000-8000-000000001024',
        'ドンキ',
        'ja',
        20,
        '00000000-0000-4000-8000-000000000031',
        '00000000-0000-4000-8000-000000000031'
    ),
    (
        '00000000-0000-4000-8000-000000003049',
        '00000000-0000-4000-8000-000000001025',
        'McDonald’s',
        'en',
        10,
        '00000000-0000-4000-8000-000000000031',
        '00000000-0000-4000-8000-000000000031'
    ),
    (
        '00000000-0000-4000-8000-000000003050',
        '00000000-0000-4000-8000-000000001025',
        'マクドナルド',
        'ja',
        20,
        '00000000-0000-4000-8000-000000000031',
        '00000000-0000-4000-8000-000000000031'
    ),
    (
        '00000000-0000-4000-8000-000000003051',
        '00000000-0000-4000-8000-000000001026',
        'Uber Eats',
        'en',
        10,
        '00000000-0000-4000-8000-000000000031',
        '00000000-0000-4000-8000-000000000031'
    ),
    (
        '00000000-0000-4000-8000-000000003052',
        '00000000-0000-4000-8000-000000001026',
        '优步',
        'zh-Hans',
        20,
        '00000000-0000-4000-8000-000000000031',
        '00000000-0000-4000-8000-000000000031'
    ),
    (
        '00000000-0000-4000-8000-000000003053',
        '00000000-0000-4000-8000-000000001027',
        '北面',
        'zh-Hans',
        10,
        '00000000-0000-4000-8000-000000000031',
        '00000000-0000-4000-8000-000000000031'
    ),
    (
        '00000000-0000-4000-8000-000000003054',
        '00000000-0000-4000-8000-000000001027',
        'TNF',
        'en',
        20,
        '00000000-0000-4000-8000-000000000031',
        '00000000-0000-4000-8000-000000000031'
    ),
    (
        '00000000-0000-4000-8000-000000003055',
        '00000000-0000-4000-8000-000000001028',
        '伊藤久右卫门',
        'zh-Hans',
        10,
        '00000000-0000-4000-8000-000000000031',
        '00000000-0000-4000-8000-000000000031'
    ),
    (
        '00000000-0000-4000-8000-000000003056',
        '00000000-0000-4000-8000-000000001028',
        '宇治抹茶',
        'zh-Hans',
        20,
        '00000000-0000-4000-8000-000000000031',
        '00000000-0000-4000-8000-000000000031'
    ),
    (
        '00000000-0000-4000-8000-000000003057',
        '00000000-0000-4000-8000-000000001029',
        'UNIQLO',
        'en',
        10,
        '00000000-0000-4000-8000-000000000031',
        '00000000-0000-4000-8000-000000000031'
    ),
    (
        '00000000-0000-4000-8000-000000003058',
        '00000000-0000-4000-8000-000000001029',
        'ユニクロ',
        'ja',
        20,
        '00000000-0000-4000-8000-000000000031',
        '00000000-0000-4000-8000-000000000031'
    ),
    (
        '00000000-0000-4000-8000-000000003059',
        '00000000-0000-4000-8000-000000001030',
        '工作人',
        'zh-Hans',
        10,
        '00000000-0000-4000-8000-000000000031',
        '00000000-0000-4000-8000-000000000031'
    ),
    (
        '00000000-0000-4000-8000-000000003060',
        '00000000-0000-4000-8000-000000001030',
        'ワークマン',
        'ja',
        20,
        '00000000-0000-4000-8000-000000000031',
        '00000000-0000-4000-8000-000000000031'
    ),
    (
        '00000000-0000-4000-8000-000000003061',
        '00000000-0000-4000-8000-000000001031',
        '小商铺',
        'zh-Hans',
        10,
        '00000000-0000-4000-8000-000000000031',
        '00000000-0000-4000-8000-000000000031'
    ),
    (
        '00000000-0000-4000-8000-000000003062',
        '00000000-0000-4000-8000-000000001031',
        '杂货店',
        'zh-Hans',
        20,
        '00000000-0000-4000-8000-000000000031',
        '00000000-0000-4000-8000-000000000031'
    ),
    (
        '00000000-0000-4000-8000-000000003063',
        '00000000-0000-4000-8000-000000001032',
        '自贩机',
        'zh-Hans',
        10,
        '00000000-0000-4000-8000-000000000031',
        '00000000-0000-4000-8000-000000000031'
    ),
    (
        '00000000-0000-4000-8000-000000003064',
        '00000000-0000-4000-8000-000000001032',
        'Vending Machine',
        'en',
        20,
        '00000000-0000-4000-8000-000000000031',
        '00000000-0000-4000-8000-000000000031'
    ),
    (
        '00000000-0000-4000-8000-000000003065',
        '00000000-0000-4000-8000-000000001033',
        'ChatGPT',
        'en',
        10,
        '00000000-0000-4000-8000-000000000031',
        '00000000-0000-4000-8000-000000000031'
    ),
    (
        '00000000-0000-4000-8000-000000003066',
        '00000000-0000-4000-8000-000000001033',
        'OpenAI',
        'en',
        20,
        '00000000-0000-4000-8000-000000000031',
        '00000000-0000-4000-8000-000000000031'
    ),
    (
        '00000000-0000-4000-8000-000000003067',
        '00000000-0000-4000-8000-000000001034',
        'Apple',
        'en',
        10,
        '00000000-0000-4000-8000-000000000031',
        '00000000-0000-4000-8000-000000000031'
    ),
    (
        '00000000-0000-4000-8000-000000003068',
        '00000000-0000-4000-8000-000000001034',
        'アップル',
        'ja',
        20,
        '00000000-0000-4000-8000-000000000031',
        '00000000-0000-4000-8000-000000000031'
    ),
    (
        '00000000-0000-4000-8000-000000003069',
        '00000000-0000-4000-8000-000000001035',
        '日本邮便',
        'zh-Hans',
        10,
        '00000000-0000-4000-8000-000000000031',
        '00000000-0000-4000-8000-000000000031'
    ),
    (
        '00000000-0000-4000-8000-000000003070',
        '00000000-0000-4000-8000-000000001035',
        '郵便局',
        'ja',
        20,
        '00000000-0000-4000-8000-000000000031',
        '00000000-0000-4000-8000-000000000031'
    ),
    (
        '00000000-0000-4000-8000-000000003071',
        '00000000-0000-4000-8000-000000001036',
        'Matsukiyo',
        'en',
        10,
        '00000000-0000-4000-8000-000000000031',
        '00000000-0000-4000-8000-000000000031'
    ),
    (
        '00000000-0000-4000-8000-000000003072',
        '00000000-0000-4000-8000-000000001036',
        'マツキヨ',
        'ja',
        20,
        '00000000-0000-4000-8000-000000000031',
        '00000000-0000-4000-8000-000000000031'
    ),
    (
        '00000000-0000-4000-8000-000000003073',
        '00000000-0000-4000-8000-000000001037',
        'Yodobashi',
        'en',
        10,
        '00000000-0000-4000-8000-000000000031',
        '00000000-0000-4000-8000-000000000031'
    ),
    (
        '00000000-0000-4000-8000-000000003074',
        '00000000-0000-4000-8000-000000001037',
        'ヨドバシ',
        'ja',
        20,
        '00000000-0000-4000-8000-000000000031',
        '00000000-0000-4000-8000-000000000031'
    ),
    (
        '00000000-0000-4000-8000-000000003075',
        '00000000-0000-4000-8000-000000001038',
        'USJ',
        'en',
        10,
        '00000000-0000-4000-8000-000000000031',
        '00000000-0000-4000-8000-000000000031'
    ),
    (
        '00000000-0000-4000-8000-000000003076',
        '00000000-0000-4000-8000-000000001038',
        'Universal Studios Japan',
        'en',
        20,
        '00000000-0000-4000-8000-000000000031',
        '00000000-0000-4000-8000-000000000031'
    ),
    (
        '00000000-0000-4000-8000-000000003077',
        '00000000-0000-4000-8000-000000001039',
        'CanDo',
        'en',
        10,
        '00000000-0000-4000-8000-000000000031',
        '00000000-0000-4000-8000-000000000031'
    ),
    (
        '00000000-0000-4000-8000-000000003078',
        '00000000-0000-4000-8000-000000001039',
        '百元店',
        'zh-Hans',
        20,
        '00000000-0000-4000-8000-000000000031',
        '00000000-0000-4000-8000-000000000031'
    ),
    (
        '00000000-0000-4000-8000-000000003079',
        '00000000-0000-4000-8000-000000001040',
        'Home Center',
        'en',
        10,
        '00000000-0000-4000-8000-000000000031',
        '00000000-0000-4000-8000-000000000031'
    ),
    (
        '00000000-0000-4000-8000-000000003080',
        '00000000-0000-4000-8000-000000001040',
        'ホームセンター',
        'ja',
        20,
        '00000000-0000-4000-8000-000000000031',
        '00000000-0000-4000-8000-000000000031'
    ),
    (
        '00000000-0000-4000-8000-000000003081',
        '00000000-0000-4000-8000-000000001041',
        'Edion',
        'en',
        10,
        '00000000-0000-4000-8000-000000000031',
        '00000000-0000-4000-8000-000000000031'
    ),
    (
        '00000000-0000-4000-8000-000000003082',
        '00000000-0000-4000-8000-000000001041',
        'エディオン',
        'ja',
        20,
        '00000000-0000-4000-8000-000000000031',
        '00000000-0000-4000-8000-000000000031'
    ),
    (
        '00000000-0000-4000-8000-000000003083',
        '00000000-0000-4000-8000-000000001042',
        '共享单车',
        'zh-Hans',
        10,
        '00000000-0000-4000-8000-000000000031',
        '00000000-0000-4000-8000-000000000031'
    ),
    (
        '00000000-0000-4000-8000-000000003084',
        '00000000-0000-4000-8000-000000001042',
        'Bike Share',
        'en',
        20,
        '00000000-0000-4000-8000-000000000031',
        '00000000-0000-4000-8000-000000000031'
    ),
    (
        '00000000-0000-4000-8000-000000003085',
        '00000000-0000-4000-8000-000000001043',
        '自行车Teruteru',
        'zh-Hans',
        10,
        '00000000-0000-4000-8000-000000000031',
        '00000000-0000-4000-8000-000000000031'
    ),
    (
        '00000000-0000-4000-8000-000000003086',
        '00000000-0000-4000-8000-000000001043',
        'てるてる',
        'ja',
        20,
        '00000000-0000-4000-8000-000000000031',
        '00000000-0000-4000-8000-000000000031'
    ),
    (
        '00000000-0000-4000-8000-000000003087',
        '00000000-0000-4000-8000-000000001044',
        '入管',
        'zh-Hans',
        10,
        '00000000-0000-4000-8000-000000000031',
        '00000000-0000-4000-8000-000000000031'
    ),
    (
        '00000000-0000-4000-8000-000000003088',
        '00000000-0000-4000-8000-000000001044',
        '大阪入管',
        'ja',
        20,
        '00000000-0000-4000-8000-000000000031',
        '00000000-0000-4000-8000-000000000031'
    ),
    (
        '00000000-0000-4000-8000-000000003089',
        '00000000-0000-4000-8000-000000001045',
        '大阪市役所',
        'ja',
        10,
        '00000000-0000-4000-8000-000000000031',
        '00000000-0000-4000-8000-000000000031'
    ),
    (
        '00000000-0000-4000-8000-000000003090',
        '00000000-0000-4000-8000-000000001045',
        '市政府',
        'zh-Hans',
        20,
        '00000000-0000-4000-8000-000000000031',
        '00000000-0000-4000-8000-000000000031'
    ),
    (
        '00000000-0000-4000-8000-000000003091',
        '00000000-0000-4000-8000-000000001046',
        'JAF',
        'en',
        10,
        '00000000-0000-4000-8000-000000000031',
        '00000000-0000-4000-8000-000000000031'
    ),
    (
        '00000000-0000-4000-8000-000000003092',
        '00000000-0000-4000-8000-000000001046',
        '日本自动车联盟',
        'zh-Hans',
        20,
        '00000000-0000-4000-8000-000000000031',
        '00000000-0000-4000-8000-000000000031'
    ),
    (
        '00000000-0000-4000-8000-000000003093',
        '00000000-0000-4000-8000-000000001047',
        '日本保险',
        'zh-Hans',
        10,
        '00000000-0000-4000-8000-000000000031',
        '00000000-0000-4000-8000-000000000031'
    ),
    (
        '00000000-0000-4000-8000-000000003094',
        '00000000-0000-4000-8000-000000001047',
        '政府保险',
        'zh-Hans',
        20,
        '00000000-0000-4000-8000-000000000031',
        '00000000-0000-4000-8000-000000000031'
    ),
    (
        '00000000-0000-4000-8000-000000003095',
        '00000000-0000-4000-8000-000000001048',
        'Tackle Berry',
        'en',
        10,
        '00000000-0000-4000-8000-000000000031',
        '00000000-0000-4000-8000-000000000031'
    ),
    (
        '00000000-0000-4000-8000-000000003096',
        '00000000-0000-4000-8000-000000001048',
        '二手渔具',
        'zh-Hans',
        20,
        '00000000-0000-4000-8000-000000000031',
        '00000000-0000-4000-8000-000000000031'
    ),
    (
        '00000000-0000-4000-8000-000000003097',
        '00000000-0000-4000-8000-000000001049',
        'Fujiya',
        'en',
        10,
        '00000000-0000-4000-8000-000000000031',
        '00000000-0000-4000-8000-000000000031'
    ),
    (
        '00000000-0000-4000-8000-000000003098',
        '00000000-0000-4000-8000-000000001049',
        'ペコちゃん',
        'ja',
        20,
        '00000000-0000-4000-8000-000000000031',
        '00000000-0000-4000-8000-000000000031'
    ),
    (
        '00000000-0000-4000-8000-000000003099',
        '00000000-0000-4000-8000-000000001050',
        '软银',
        'zh-Hans',
        10,
        '00000000-0000-4000-8000-000000000031',
        '00000000-0000-4000-8000-000000000031'
    ),
    (
        '00000000-0000-4000-8000-000000003100',
        '00000000-0000-4000-8000-000000001050',
        'ソフトバンク',
        'ja',
        20,
        '00000000-0000-4000-8000-000000000031',
        '00000000-0000-4000-8000-000000000031'
    ),
    (
        '00000000-0000-4000-8000-000000003101',
        '00000000-0000-4000-8000-000000001051',
        'SMBC',
        'en',
        10,
        '00000000-0000-4000-8000-000000000031',
        '00000000-0000-4000-8000-000000000031'
    ),
    (
        '00000000-0000-4000-8000-000000003102',
        '00000000-0000-4000-8000-000000001051',
        '三井住友银行',
        'zh-Hans',
        20,
        '00000000-0000-4000-8000-000000000031',
        '00000000-0000-4000-8000-000000000031'
    ),
    (
        '00000000-0000-4000-8000-000000003103',
        '00000000-0000-4000-8000-000000001052',
        'St. Barnabas',
        'en',
        10,
        '00000000-0000-4000-8000-000000000031',
        '00000000-0000-4000-8000-000000000031'
    ),
    (
        '00000000-0000-4000-8000-000000003104',
        '00000000-0000-4000-8000-000000001052',
        '圣巴拿巴',
        'zh-Hans',
        20,
        '00000000-0000-4000-8000-000000000031',
        '00000000-0000-4000-8000-000000000031'
    ),
    (
        '00000000-0000-4000-8000-000000003105',
        '00000000-0000-4000-8000-000000001053',
        'Bijou Piko',
        'en',
        10,
        '00000000-0000-4000-8000-000000000031',
        '00000000-0000-4000-8000-000000000031'
    ),
    (
        '00000000-0000-4000-8000-000000003106',
        '00000000-0000-4000-8000-000000001053',
        '珠宝店',
        'zh-Hans',
        20,
        '00000000-0000-4000-8000-000000000031',
        '00000000-0000-4000-8000-000000000031'
    ),
    (
        '00000000-0000-4000-8000-000000003107',
        '00000000-0000-4000-8000-000000001054',
        'アジティス',
        'ja',
        10,
        '00000000-0000-4000-8000-000000000031',
        '00000000-0000-4000-8000-000000000031'
    ),
    (
        '00000000-0000-4000-8000-000000003108',
        '00000000-0000-4000-8000-000000001054',
        'Agitis',
        'en',
        20,
        '00000000-0000-4000-8000-000000000031',
        '00000000-0000-4000-8000-000000000031'
    ),
    (
        '00000000-0000-4000-8000-000000003109',
        '00000000-0000-4000-8000-000000001055',
        'Yoshinoya',
        'en',
        10,
        '00000000-0000-4000-8000-000000000031',
        '00000000-0000-4000-8000-000000000031'
    ),
    (
        '00000000-0000-4000-8000-000000003110',
        '00000000-0000-4000-8000-000000001055',
        'よしのや',
        'ja',
        20,
        '00000000-0000-4000-8000-000000000031',
        '00000000-0000-4000-8000-000000000031'
    )
on conflict (id) do update
set
    alias = excluded.alias,
    locale = excluded.locale,
    sort_order = excluded.sort_order,
    updated_by = excluded.updated_by,
    updated_at = now();

insert into public.category (
    id,
    ledger_id,
    parent_id,
    type,
    name,
    icon_name,
    color,
    sort_order,
    created_by,
    updated_by
)
values
    (
        '00000000-0000-4000-8000-000000005001',
        '00000000-0000-4000-8000-000000000032',
        null,
        'income',
        '💰 工资收入',
        '💰',
        '#D1FAE5',
        10,
        '00000000-0000-4000-8000-000000000031',
        '00000000-0000-4000-8000-000000000031'
    ),
    (
        '00000000-0000-4000-8000-000000005002',
        '00000000-0000-4000-8000-000000000032',
        '00000000-0000-4000-8000-000000005001',
        'income',
        '💴 工资',
        '💴',
        '#D1FAE5',
        10,
        '00000000-0000-4000-8000-000000000031',
        '00000000-0000-4000-8000-000000000031'
    ),
    (
        '00000000-0000-4000-8000-000000005003',
        '00000000-0000-4000-8000-000000000032',
        '00000000-0000-4000-8000-000000005001',
        'income',
        '🎁 奖金',
        '🎁',
        '#D1FAE5',
        20,
        '00000000-0000-4000-8000-000000000031',
        '00000000-0000-4000-8000-000000000031'
    ),
    (
        '00000000-0000-4000-8000-000000005004',
        '00000000-0000-4000-8000-000000000032',
        '00000000-0000-4000-8000-000000005001',
        'income',
        '💼 职务手当',
        '💼',
        '#D1FAE5',
        30,
        '00000000-0000-4000-8000-000000000031',
        '00000000-0000-4000-8000-000000000031'
    ),
    (
        '00000000-0000-4000-8000-000000005005',
        '00000000-0000-4000-8000-000000000032',
        '00000000-0000-4000-8000-000000005001',
        'income',
        '📄 公司报销',
        '📄',
        '#D1FAE5',
        40,
        '00000000-0000-4000-8000-000000000031',
        '00000000-0000-4000-8000-000000000031'
    ),
    (
        '00000000-0000-4000-8000-000000005006',
        '00000000-0000-4000-8000-000000000032',
        '00000000-0000-4000-8000-000000005001',
        'income',
        '🏅 资格手当',
        '🏅',
        '#D1FAE5',
        50,
        '00000000-0000-4000-8000-000000000031',
        '00000000-0000-4000-8000-000000000031'
    ),
    (
        '00000000-0000-4000-8000-000000005007',
        '00000000-0000-4000-8000-000000000032',
        '00000000-0000-4000-8000-000000005001',
        'income',
        '🏠 住房手当',
        '🏠',
        '#D1FAE5',
        60,
        '00000000-0000-4000-8000-000000000031',
        '00000000-0000-4000-8000-000000000031'
    ),
    (
        '00000000-0000-4000-8000-000000005008',
        '00000000-0000-4000-8000-000000000032',
        '00000000-0000-4000-8000-000000005001',
        'income',
        '🚃 通勤手当',
        '🚃',
        '#D1FAE5',
        70,
        '00000000-0000-4000-8000-000000000031',
        '00000000-0000-4000-8000-000000000031'
    ),
    (
        '00000000-0000-4000-8000-000000005009',
        '00000000-0000-4000-8000-000000000032',
        '00000000-0000-4000-8000-000000005001',
        'income',
        '💒 结婚手当',
        '💒',
        '#D1FAE5',
        80,
        '00000000-0000-4000-8000-000000000031',
        '00000000-0000-4000-8000-000000000031'
    ),
    (
        '00000000-0000-4000-8000-000000005010',
        '00000000-0000-4000-8000-000000000032',
        null,
        'income',
        '💸 其他收入',
        '💸',
        '#DBEAFE',
        20,
        '00000000-0000-4000-8000-000000000031',
        '00000000-0000-4000-8000-000000000031'
    ),
    (
        '00000000-0000-4000-8000-000000005011',
        '00000000-0000-4000-8000-000000000032',
        '00000000-0000-4000-8000-000000005010',
        'income',
        '📈 理财收益',
        '📈',
        '#DBEAFE',
        10,
        '00000000-0000-4000-8000-000000000031',
        '00000000-0000-4000-8000-000000000031'
    ),
    (
        '00000000-0000-4000-8000-000000005012',
        '00000000-0000-4000-8000-000000000032',
        '00000000-0000-4000-8000-000000005010',
        'income',
        '💼 活动返现',
        '💼',
        '#DBEAFE',
        20,
        '00000000-0000-4000-8000-000000000031',
        '00000000-0000-4000-8000-000000000031'
    ),
    (
        '00000000-0000-4000-8000-000000005013',
        '00000000-0000-4000-8000-000000000032',
        '00000000-0000-4000-8000-000000005010',
        'income',
        '📄 报销',
        '📄',
        '#DBEAFE',
        30,
        '00000000-0000-4000-8000-000000000031',
        '00000000-0000-4000-8000-000000000031'
    ),
    (
        '00000000-0000-4000-8000-000000005014',
        '00000000-0000-4000-8000-000000000032',
        '00000000-0000-4000-8000-000000005010',
        'income',
        '💰 其他收入',
        '💰',
        '#DBEAFE',
        40,
        '00000000-0000-4000-8000-000000000031',
        '00000000-0000-4000-8000-000000000031'
    ),
    (
        '00000000-0000-4000-8000-000000005015',
        '00000000-0000-4000-8000-000000000032',
        '00000000-0000-4000-8000-000000005010',
        'income',
        '🔑 退押金',
        '🔑',
        '#DBEAFE',
        50,
        '00000000-0000-4000-8000-000000000031',
        '00000000-0000-4000-8000-000000000031'
    ),
    (
        '00000000-0000-4000-8000-000000005016',
        '00000000-0000-4000-8000-000000000032',
        '00000000-0000-4000-8000-000000005010',
        'income',
        '💴 現金還元',
        '💴',
        '#DBEAFE',
        60,
        '00000000-0000-4000-8000-000000000031',
        '00000000-0000-4000-8000-000000000031'
    ),
    (
        '00000000-0000-4000-8000-000000005017',
        '00000000-0000-4000-8000-000000000032',
        '00000000-0000-4000-8000-000000005010',
        'income',
        '🏦 利息スーパーフウツ',
        '🏦',
        '#DBEAFE',
        70,
        '00000000-0000-4000-8000-000000000031',
        '00000000-0000-4000-8000-000000000031'
    ),
    (
        '00000000-0000-4000-8000-000000005018',
        '00000000-0000-4000-8000-000000000032',
        '00000000-0000-4000-8000-000000005010',
        'income',
        '🎁 デビットキャンペン',
        '🎁',
        '#DBEAFE',
        80,
        '00000000-0000-4000-8000-000000000031',
        '00000000-0000-4000-8000-000000000031'
    ),
    (
        '00000000-0000-4000-8000-000000005019',
        '00000000-0000-4000-8000-000000000032',
        '00000000-0000-4000-8000-000000005010',
        'income',
        '🏛️ 退税',
        '🏛️',
        '#DBEAFE',
        90,
        '00000000-0000-4000-8000-000000000031',
        '00000000-0000-4000-8000-000000000031'
    ),
    (
        '00000000-0000-4000-8000-000000005020',
        '00000000-0000-4000-8000-000000000032',
        null,
        'expense',
        '🍽️ 饮食',
        '🍽️',
        '#FEE2E2',
        30,
        '00000000-0000-4000-8000-000000000031',
        '00000000-0000-4000-8000-000000000031'
    ),
    (
        '00000000-0000-4000-8000-000000005021',
        '00000000-0000-4000-8000-000000000032',
        '00000000-0000-4000-8000-000000005020',
        'expense',
        '🥬 做饭食材/调料',
        '🥬',
        '#FEE2E2',
        10,
        '00000000-0000-4000-8000-000000000031',
        '00000000-0000-4000-8000-000000000031'
    ),
    (
        '00000000-0000-4000-8000-000000005022',
        '00000000-0000-4000-8000-000000000032',
        '00000000-0000-4000-8000-000000005020',
        'expense',
        '🍱 便当',
        '🍱',
        '#FEE2E2',
        20,
        '00000000-0000-4000-8000-000000000031',
        '00000000-0000-4000-8000-000000000031'
    ),
    (
        '00000000-0000-4000-8000-000000005023',
        '00000000-0000-4000-8000-000000000032',
        '00000000-0000-4000-8000-000000005020',
        'expense',
        '🍜 外食',
        '🍜',
        '#FEE2E2',
        30,
        '00000000-0000-4000-8000-000000000031',
        '00000000-0000-4000-8000-000000000031'
    ),
    (
        '00000000-0000-4000-8000-000000005024',
        '00000000-0000-4000-8000-000000000032',
        '00000000-0000-4000-8000-000000005020',
        'expense',
        '🍎 水果',
        '🍎',
        '#FEE2E2',
        40,
        '00000000-0000-4000-8000-000000000031',
        '00000000-0000-4000-8000-000000000031'
    ),
    (
        '00000000-0000-4000-8000-000000005025',
        '00000000-0000-4000-8000-000000000032',
        '00000000-0000-4000-8000-000000005020',
        'expense',
        '🍿 零食',
        '🍿',
        '#FEE2E2',
        50,
        '00000000-0000-4000-8000-000000000031',
        '00000000-0000-4000-8000-000000000031'
    ),
    (
        '00000000-0000-4000-8000-000000005026',
        '00000000-0000-4000-8000-000000000032',
        '00000000-0000-4000-8000-000000005020',
        'expense',
        '🧃 饮料',
        '🧃',
        '#FEE2E2',
        60,
        '00000000-0000-4000-8000-000000000031',
        '00000000-0000-4000-8000-000000000031'
    ),
    (
        '00000000-0000-4000-8000-000000005027',
        '00000000-0000-4000-8000-000000000032',
        '00000000-0000-4000-8000-000000005020',
        'expense',
        '🛵 外卖',
        '🛵',
        '#FEE2E2',
        70,
        '00000000-0000-4000-8000-000000000031',
        '00000000-0000-4000-8000-000000000031'
    ),
    (
        '00000000-0000-4000-8000-000000005028',
        '00000000-0000-4000-8000-000000000032',
        null,
        'expense',
        '🏠 住房',
        '🏠',
        '#FEF3C7',
        40,
        '00000000-0000-4000-8000-000000000031',
        '00000000-0000-4000-8000-000000000031'
    ),
    (
        '00000000-0000-4000-8000-000000005029',
        '00000000-0000-4000-8000-000000000032',
        '00000000-0000-4000-8000-000000005028',
        'expense',
        '🏠 房租',
        '🏠',
        '#FEF3C7',
        10,
        '00000000-0000-4000-8000-000000000031',
        '00000000-0000-4000-8000-000000000031'
    ),
    (
        '00000000-0000-4000-8000-000000005030',
        '00000000-0000-4000-8000-000000000032',
        '00000000-0000-4000-8000-000000005028',
        'expense',
        '🏢 物业费',
        '🏢',
        '#FEF3C7',
        20,
        '00000000-0000-4000-8000-000000000031',
        '00000000-0000-4000-8000-000000000031'
    ),
    (
        '00000000-0000-4000-8000-000000005031',
        '00000000-0000-4000-8000-000000000032',
        '00000000-0000-4000-8000-000000005028',
        'expense',
        '💧 水',
        '💧',
        '#FEF3C7',
        30,
        '00000000-0000-4000-8000-000000000031',
        '00000000-0000-4000-8000-000000000031'
    ),
    (
        '00000000-0000-4000-8000-000000005032',
        '00000000-0000-4000-8000-000000000032',
        '00000000-0000-4000-8000-000000005028',
        'expense',
        '⚡ 电',
        '⚡',
        '#FEF3C7',
        40,
        '00000000-0000-4000-8000-000000000031',
        '00000000-0000-4000-8000-000000000031'
    ),
    (
        '00000000-0000-4000-8000-000000005033',
        '00000000-0000-4000-8000-000000000032',
        '00000000-0000-4000-8000-000000005028',
        'expense',
        '🔥 煤气',
        '🔥',
        '#FEF3C7',
        50,
        '00000000-0000-4000-8000-000000000031',
        '00000000-0000-4000-8000-000000000031'
    ),
    (
        '00000000-0000-4000-8000-000000005034',
        '00000000-0000-4000-8000-000000000032',
        '00000000-0000-4000-8000-000000005028',
        'expense',
        '🧴 日常用品',
        '🧴',
        '#FEF3C7',
        60,
        '00000000-0000-4000-8000-000000000031',
        '00000000-0000-4000-8000-000000000031'
    ),
    (
        '00000000-0000-4000-8000-000000005035',
        '00000000-0000-4000-8000-000000000032',
        '00000000-0000-4000-8000-000000005028',
        'expense',
        '🛋️ 家具',
        '🛋️',
        '#FEF3C7',
        70,
        '00000000-0000-4000-8000-000000000031',
        '00000000-0000-4000-8000-000000000031'
    ),
    (
        '00000000-0000-4000-8000-000000005036',
        '00000000-0000-4000-8000-000000000032',
        '00000000-0000-4000-8000-000000005028',
        'expense',
        '📺 家电',
        '📺',
        '#FEF3C7',
        80,
        '00000000-0000-4000-8000-000000000031',
        '00000000-0000-4000-8000-000000000031'
    ),
    (
        '00000000-0000-4000-8000-000000005037',
        '00000000-0000-4000-8000-000000000032',
        '00000000-0000-4000-8000-000000005028',
        'expense',
        '🔧 人工费',
        '🔧',
        '#FEF3C7',
        90,
        '00000000-0000-4000-8000-000000000031',
        '00000000-0000-4000-8000-000000000031'
    ),
    (
        '00000000-0000-4000-8000-000000005038',
        '00000000-0000-4000-8000-000000000032',
        '00000000-0000-4000-8000-000000005028',
        'expense',
        '🏫 宿舍费',
        '🏫',
        '#FEF3C7',
        100,
        '00000000-0000-4000-8000-000000000031',
        '00000000-0000-4000-8000-000000000031'
    ),
    (
        '00000000-0000-4000-8000-000000005039',
        '00000000-0000-4000-8000-000000000032',
        null,
        'expense',
        '🚃 出行',
        '🚃',
        '#A5F3FC',
        50,
        '00000000-0000-4000-8000-000000000031',
        '00000000-0000-4000-8000-000000000031'
    ),
    (
        '00000000-0000-4000-8000-000000005040',
        '00000000-0000-4000-8000-000000000032',
        '00000000-0000-4000-8000-000000005039',
        'expense',
        '🚃 JR地铁公交',
        '🚃',
        '#A5F3FC',
        10,
        '00000000-0000-4000-8000-000000000031',
        '00000000-0000-4000-8000-000000000031'
    ),
    (
        '00000000-0000-4000-8000-000000005041',
        '00000000-0000-4000-8000-000000000032',
        '00000000-0000-4000-8000-000000005039',
        'expense',
        '🚄 高铁大巴新干线',
        '🚄',
        '#A5F3FC',
        20,
        '00000000-0000-4000-8000-000000000031',
        '00000000-0000-4000-8000-000000000031'
    ),
    (
        '00000000-0000-4000-8000-000000005042',
        '00000000-0000-4000-8000-000000000032',
        '00000000-0000-4000-8000-000000005039',
        'expense',
        '✈️ 飞机票',
        '✈️',
        '#A5F3FC',
        30,
        '00000000-0000-4000-8000-000000000031',
        '00000000-0000-4000-8000-000000000031'
    ),
    (
        '00000000-0000-4000-8000-000000005043',
        '00000000-0000-4000-8000-000000000032',
        '00000000-0000-4000-8000-000000005039',
        'expense',
        '🚢 船票',
        '🚢',
        '#A5F3FC',
        40,
        '00000000-0000-4000-8000-000000000031',
        '00000000-0000-4000-8000-000000000031'
    ),
    (
        '00000000-0000-4000-8000-000000005044',
        '00000000-0000-4000-8000-000000000032',
        '00000000-0000-4000-8000-000000005039',
        'expense',
        '🚕 打车',
        '🚕',
        '#A5F3FC',
        50,
        '00000000-0000-4000-8000-000000000031',
        '00000000-0000-4000-8000-000000000031'
    ),
    (
        '00000000-0000-4000-8000-000000005045',
        '00000000-0000-4000-8000-000000000032',
        '00000000-0000-4000-8000-000000005039',
        'expense',
        '🚗 租车',
        '🚗',
        '#A5F3FC',
        60,
        '00000000-0000-4000-8000-000000000031',
        '00000000-0000-4000-8000-000000000031'
    ),
    (
        '00000000-0000-4000-8000-000000005046',
        '00000000-0000-4000-8000-000000000032',
        '00000000-0000-4000-8000-000000005039',
        'expense',
        '⛽ 油费',
        '⛽',
        '#A5F3FC',
        70,
        '00000000-0000-4000-8000-000000000031',
        '00000000-0000-4000-8000-000000000031'
    ),
    (
        '00000000-0000-4000-8000-000000005047',
        '00000000-0000-4000-8000-000000000032',
        '00000000-0000-4000-8000-000000005039',
        'expense',
        '🛣️ 过路费',
        '🛣️',
        '#A5F3FC',
        80,
        '00000000-0000-4000-8000-000000000031',
        '00000000-0000-4000-8000-000000000031'
    ),
    (
        '00000000-0000-4000-8000-000000005048',
        '00000000-0000-4000-8000-000000000032',
        '00000000-0000-4000-8000-000000005039',
        'expense',
        '🅿️ 停车费',
        '🅿️',
        '#A5F3FC',
        90,
        '00000000-0000-4000-8000-000000000031',
        '00000000-0000-4000-8000-000000000031'
    ),
    (
        '00000000-0000-4000-8000-000000005049',
        '00000000-0000-4000-8000-000000000032',
        '00000000-0000-4000-8000-000000005039',
        'expense',
        '🔩 保养',
        '🔩',
        '#A5F3FC',
        100,
        '00000000-0000-4000-8000-000000000031',
        '00000000-0000-4000-8000-000000000031'
    ),
    (
        '00000000-0000-4000-8000-000000005050',
        '00000000-0000-4000-8000-000000000032',
        '00000000-0000-4000-8000-000000005039',
        'expense',
        '🚲 共享单车',
        '🚲',
        '#A5F3FC',
        110,
        '00000000-0000-4000-8000-000000000031',
        '00000000-0000-4000-8000-000000000031'
    ),
    (
        '00000000-0000-4000-8000-000000005051',
        '00000000-0000-4000-8000-000000000032',
        '00000000-0000-4000-8000-000000005039',
        'expense',
        '🛠️ 自行车用品',
        '🛠️',
        '#A5F3FC',
        120,
        '00000000-0000-4000-8000-000000000031',
        '00000000-0000-4000-8000-000000000031'
    ),
    (
        '00000000-0000-4000-8000-000000005052',
        '00000000-0000-4000-8000-000000000032',
        null,
        'expense',
        '👗 穿衣',
        '👗',
        '#E9D5FF',
        60,
        '00000000-0000-4000-8000-000000000031',
        '00000000-0000-4000-8000-000000000031'
    ),
    (
        '00000000-0000-4000-8000-000000005053',
        '00000000-0000-4000-8000-000000000032',
        '00000000-0000-4000-8000-000000005052',
        'expense',
        '👕 上衣',
        '👕',
        '#E9D5FF',
        10,
        '00000000-0000-4000-8000-000000000031',
        '00000000-0000-4000-8000-000000000031'
    ),
    (
        '00000000-0000-4000-8000-000000005054',
        '00000000-0000-4000-8000-000000000032',
        '00000000-0000-4000-8000-000000005052',
        'expense',
        '👖 下裤',
        '👖',
        '#E9D5FF',
        20,
        '00000000-0000-4000-8000-000000000031',
        '00000000-0000-4000-8000-000000000031'
    ),
    (
        '00000000-0000-4000-8000-000000005055',
        '00000000-0000-4000-8000-000000000032',
        '00000000-0000-4000-8000-000000005052',
        'expense',
        '👟 鞋子',
        '👟',
        '#E9D5FF',
        30,
        '00000000-0000-4000-8000-000000000031',
        '00000000-0000-4000-8000-000000000031'
    ),
    (
        '00000000-0000-4000-8000-000000005056',
        '00000000-0000-4000-8000-000000000032',
        '00000000-0000-4000-8000-000000005052',
        'expense',
        '🩲 内衣裤',
        '🩲',
        '#E9D5FF',
        40,
        '00000000-0000-4000-8000-000000000031',
        '00000000-0000-4000-8000-000000000031'
    ),
    (
        '00000000-0000-4000-8000-000000005057',
        '00000000-0000-4000-8000-000000000032',
        '00000000-0000-4000-8000-000000005052',
        'expense',
        '💍 饰品',
        '💍',
        '#E9D5FF',
        50,
        '00000000-0000-4000-8000-000000000031',
        '00000000-0000-4000-8000-000000000031'
    ),
    (
        '00000000-0000-4000-8000-000000005058',
        '00000000-0000-4000-8000-000000000032',
        '00000000-0000-4000-8000-000000005052',
        'expense',
        '💇 美容美发',
        '💇',
        '#E9D5FF',
        60,
        '00000000-0000-4000-8000-000000000031',
        '00000000-0000-4000-8000-000000000031'
    ),
    (
        '00000000-0000-4000-8000-000000005059',
        '00000000-0000-4000-8000-000000000032',
        '00000000-0000-4000-8000-000000005052',
        'expense',
        '💄 化妆品',
        '💄',
        '#E9D5FF',
        70,
        '00000000-0000-4000-8000-000000000031',
        '00000000-0000-4000-8000-000000000031'
    ),
    (
        '00000000-0000-4000-8000-000000005060',
        '00000000-0000-4000-8000-000000000032',
        '00000000-0000-4000-8000-000000005052',
        'expense',
        '🧴 护肤品',
        '🧴',
        '#E9D5FF',
        80,
        '00000000-0000-4000-8000-000000000031',
        '00000000-0000-4000-8000-000000000031'
    ),
    (
        '00000000-0000-4000-8000-000000005061',
        '00000000-0000-4000-8000-000000000032',
        null,
        'expense',
        '🎮 玩耍',
        '🎮',
        '#FCE7F3',
        70,
        '00000000-0000-4000-8000-000000000031',
        '00000000-0000-4000-8000-000000000031'
    ),
    (
        '00000000-0000-4000-8000-000000005062',
        '00000000-0000-4000-8000-000000000032',
        '00000000-0000-4000-8000-000000005061',
        'expense',
        '🎮 游戏',
        '🎮',
        '#FCE7F3',
        10,
        '00000000-0000-4000-8000-000000000031',
        '00000000-0000-4000-8000-000000000031'
    ),
    (
        '00000000-0000-4000-8000-000000005063',
        '00000000-0000-4000-8000-000000000032',
        '00000000-0000-4000-8000-000000005061',
        'expense',
        '🎁 纪念品',
        '🎁',
        '#FCE7F3',
        20,
        '00000000-0000-4000-8000-000000000031',
        '00000000-0000-4000-8000-000000000031'
    ),
    (
        '00000000-0000-4000-8000-000000005064',
        '00000000-0000-4000-8000-000000000032',
        '00000000-0000-4000-8000-000000005061',
        'expense',
        '🎣 钓鱼',
        '🎣',
        '#FCE7F3',
        30,
        '00000000-0000-4000-8000-000000000031',
        '00000000-0000-4000-8000-000000000031'
    ),
    (
        '00000000-0000-4000-8000-000000005065',
        '00000000-0000-4000-8000-000000000032',
        '00000000-0000-4000-8000-000000005061',
        'expense',
        '🎫 门票',
        '🎫',
        '#FCE7F3',
        40,
        '00000000-0000-4000-8000-000000000031',
        '00000000-0000-4000-8000-000000000031'
    ),
    (
        '00000000-0000-4000-8000-000000005066',
        '00000000-0000-4000-8000-000000000032',
        '00000000-0000-4000-8000-000000005061',
        'expense',
        '🎤 KTV',
        '🎤',
        '#FCE7F3',
        50,
        '00000000-0000-4000-8000-000000000031',
        '00000000-0000-4000-8000-000000000031'
    ),
    (
        '00000000-0000-4000-8000-000000005067',
        '00000000-0000-4000-8000-000000000032',
        '00000000-0000-4000-8000-000000005061',
        'expense',
        '🗺️ 旅行服务费',
        '🗺️',
        '#FCE7F3',
        60,
        '00000000-0000-4000-8000-000000000031',
        '00000000-0000-4000-8000-000000000031'
    ),
    (
        '00000000-0000-4000-8000-000000005068',
        '00000000-0000-4000-8000-000000000032',
        '00000000-0000-4000-8000-000000005061',
        'expense',
        '🏨 酒店费',
        '🏨',
        '#FCE7F3',
        70,
        '00000000-0000-4000-8000-000000000031',
        '00000000-0000-4000-8000-000000000031'
    ),
    (
        '00000000-0000-4000-8000-000000005069',
        '00000000-0000-4000-8000-000000000032',
        '00000000-0000-4000-8000-000000005061',
        'expense',
        '💒 结婚',
        '💒',
        '#FCE7F3',
        80,
        '00000000-0000-4000-8000-000000000031',
        '00000000-0000-4000-8000-000000000031'
    ),
    (
        '00000000-0000-4000-8000-000000005070',
        '00000000-0000-4000-8000-000000000032',
        '00000000-0000-4000-8000-000000005061',
        'expense',
        '💱 换汇手续费',
        '💱',
        '#FCE7F3',
        90,
        '00000000-0000-4000-8000-000000000031',
        '00000000-0000-4000-8000-000000000031'
    ),
    (
        '00000000-0000-4000-8000-000000005071',
        '00000000-0000-4000-8000-000000000032',
        null,
        'expense',
        '💊 医疗',
        '💊',
        '#FED7AA',
        80,
        '00000000-0000-4000-8000-000000000031',
        '00000000-0000-4000-8000-000000000031'
    ),
    (
        '00000000-0000-4000-8000-000000005072',
        '00000000-0000-4000-8000-000000000032',
        '00000000-0000-4000-8000-000000005071',
        'expense',
        '💊 药费',
        '💊',
        '#FED7AA',
        10,
        '00000000-0000-4000-8000-000000000031',
        '00000000-0000-4000-8000-000000000031'
    ),
    (
        '00000000-0000-4000-8000-000000005073',
        '00000000-0000-4000-8000-000000000032',
        '00000000-0000-4000-8000-000000005071',
        'expense',
        '🏥 检查费',
        '🏥',
        '#FED7AA',
        20,
        '00000000-0000-4000-8000-000000000031',
        '00000000-0000-4000-8000-000000000031'
    ),
    (
        '00000000-0000-4000-8000-000000005074',
        '00000000-0000-4000-8000-000000000032',
        '00000000-0000-4000-8000-000000005071',
        'expense',
        '💉 治疗费',
        '💉',
        '#FED7AA',
        30,
        '00000000-0000-4000-8000-000000000031',
        '00000000-0000-4000-8000-000000000031'
    ),
    (
        '00000000-0000-4000-8000-000000005075',
        '00000000-0000-4000-8000-000000000032',
        '00000000-0000-4000-8000-000000005071',
        'expense',
        '🌿 保健品',
        '🌿',
        '#FED7AA',
        40,
        '00000000-0000-4000-8000-000000000031',
        '00000000-0000-4000-8000-000000000031'
    ),
    (
        '00000000-0000-4000-8000-000000005076',
        '00000000-0000-4000-8000-000000000032',
        null,
        'expense',
        '📚 教育',
        '📚',
        '#BFDBFE',
        90,
        '00000000-0000-4000-8000-000000000031',
        '00000000-0000-4000-8000-000000000031'
    ),
    (
        '00000000-0000-4000-8000-000000005077',
        '00000000-0000-4000-8000-000000000032',
        '00000000-0000-4000-8000-000000005076',
        'expense',
        '💻 网课',
        '💻',
        '#BFDBFE',
        10,
        '00000000-0000-4000-8000-000000000031',
        '00000000-0000-4000-8000-000000000031'
    ),
    (
        '00000000-0000-4000-8000-000000005078',
        '00000000-0000-4000-8000-000000000032',
        '00000000-0000-4000-8000-000000005076',
        'expense',
        '📖 资料费',
        '📖',
        '#BFDBFE',
        20,
        '00000000-0000-4000-8000-000000000031',
        '00000000-0000-4000-8000-000000000031'
    ),
    (
        '00000000-0000-4000-8000-000000005079',
        '00000000-0000-4000-8000-000000000032',
        '00000000-0000-4000-8000-000000005076',
        'expense',
        '🖨️ 打印费',
        '🖨️',
        '#BFDBFE',
        30,
        '00000000-0000-4000-8000-000000000031',
        '00000000-0000-4000-8000-000000000031'
    ),
    (
        '00000000-0000-4000-8000-000000005080',
        '00000000-0000-4000-8000-000000000032',
        '00000000-0000-4000-8000-000000005076',
        'expense',
        '🎓 学费报名费',
        '🎓',
        '#BFDBFE',
        40,
        '00000000-0000-4000-8000-000000000031',
        '00000000-0000-4000-8000-000000000031'
    ),
    (
        '00000000-0000-4000-8000-000000005081',
        '00000000-0000-4000-8000-000000000032',
        null,
        'expense',
        '📱 通讯',
        '📱',
        '#DDD6FE',
        100,
        '00000000-0000-4000-8000-000000000031',
        '00000000-0000-4000-8000-000000000031'
    ),
    (
        '00000000-0000-4000-8000-000000005082',
        '00000000-0000-4000-8000-000000000032',
        '00000000-0000-4000-8000-000000005081',
        'expense',
        '📲 APP订阅费',
        '📲',
        '#DDD6FE',
        10,
        '00000000-0000-4000-8000-000000000031',
        '00000000-0000-4000-8000-000000000031'
    ),
    (
        '00000000-0000-4000-8000-000000005083',
        '00000000-0000-4000-8000-000000000032',
        '00000000-0000-4000-8000-000000005081',
        'expense',
        '☎️ 话费',
        '☎️',
        '#DDD6FE',
        20,
        '00000000-0000-4000-8000-000000000031',
        '00000000-0000-4000-8000-000000000031'
    ),
    (
        '00000000-0000-4000-8000-000000005084',
        '00000000-0000-4000-8000-000000000032',
        '00000000-0000-4000-8000-000000005081',
        'expense',
        '🌐 网费',
        '🌐',
        '#DDD6FE',
        30,
        '00000000-0000-4000-8000-000000000031',
        '00000000-0000-4000-8000-000000000031'
    ),
    (
        '00000000-0000-4000-8000-000000005085',
        '00000000-0000-4000-8000-000000000032',
        '00000000-0000-4000-8000-000000005081',
        'expense',
        '📦 快递费',
        '📦',
        '#DDD6FE',
        40,
        '00000000-0000-4000-8000-000000000031',
        '00000000-0000-4000-8000-000000000031'
    ),
    (
        '00000000-0000-4000-8000-000000005086',
        '00000000-0000-4000-8000-000000000032',
        '00000000-0000-4000-8000-000000005081',
        'expense',
        '📱 电子数码',
        '📱',
        '#DDD6FE',
        50,
        '00000000-0000-4000-8000-000000000031',
        '00000000-0000-4000-8000-000000000031'
    ),
    (
        '00000000-0000-4000-8000-000000005087',
        '00000000-0000-4000-8000-000000000032',
        null,
        'expense',
        '🤝 人情',
        '🤝',
        '#BBF7D0',
        110,
        '00000000-0000-4000-8000-000000000031',
        '00000000-0000-4000-8000-000000000031'
    ),
    (
        '00000000-0000-4000-8000-000000005088',
        '00000000-0000-4000-8000-000000000032',
        '00000000-0000-4000-8000-000000005087',
        'expense',
        '🎁 份子钱',
        '🎁',
        '#BBF7D0',
        10,
        '00000000-0000-4000-8000-000000000031',
        '00000000-0000-4000-8000-000000000031'
    ),
    (
        '00000000-0000-4000-8000-000000005089',
        '00000000-0000-4000-8000-000000000032',
        '00000000-0000-4000-8000-000000005087',
        'expense',
        '🎀 特产',
        '🎀',
        '#BBF7D0',
        20,
        '00000000-0000-4000-8000-000000000031',
        '00000000-0000-4000-8000-000000000031'
    ),
    (
        '00000000-0000-4000-8000-000000005090',
        '00000000-0000-4000-8000-000000000032',
        '00000000-0000-4000-8000-000000005087',
        'expense',
        '🪙 小费',
        '🪙',
        '#BBF7D0',
        30,
        '00000000-0000-4000-8000-000000000031',
        '00000000-0000-4000-8000-000000000031'
    ),
    (
        '00000000-0000-4000-8000-000000005091',
        '00000000-0000-4000-8000-000000000032',
        null,
        'expense',
        '💴 金融',
        '💴',
        '#FDE68A',
        120,
        '00000000-0000-4000-8000-000000000031',
        '00000000-0000-4000-8000-000000000031'
    ),
    (
        '00000000-0000-4000-8000-000000005092',
        '00000000-0000-4000-8000-000000000032',
        '00000000-0000-4000-8000-000000005091',
        'expense',
        '💴 厚生年金',
        '💴',
        '#FDE68A',
        10,
        '00000000-0000-4000-8000-000000000031',
        '00000000-0000-4000-8000-000000000031'
    ),
    (
        '00000000-0000-4000-8000-000000005093',
        '00000000-0000-4000-8000-000000000032',
        '00000000-0000-4000-8000-000000005091',
        'expense',
        '💴 国民年金',
        '💴',
        '#FDE68A',
        20,
        '00000000-0000-4000-8000-000000000031',
        '00000000-0000-4000-8000-000000000031'
    ),
    (
        '00000000-0000-4000-8000-000000005094',
        '00000000-0000-4000-8000-000000000032',
        '00000000-0000-4000-8000-000000005091',
        'expense',
        '🏥 健康保险',
        '🏥',
        '#FDE68A',
        30,
        '00000000-0000-4000-8000-000000000031',
        '00000000-0000-4000-8000-000000000031'
    ),
    (
        '00000000-0000-4000-8000-000000005095',
        '00000000-0000-4000-8000-000000000032',
        '00000000-0000-4000-8000-000000005091',
        'expense',
        '📋 雇佣保险',
        '📋',
        '#FDE68A',
        40,
        '00000000-0000-4000-8000-000000000031',
        '00000000-0000-4000-8000-000000000031'
    ),
    (
        '00000000-0000-4000-8000-000000005096',
        '00000000-0000-4000-8000-000000000032',
        '00000000-0000-4000-8000-000000005091',
        'expense',
        '🏛️ 个人所得税',
        '🏛️',
        '#FDE68A',
        50,
        '00000000-0000-4000-8000-000000000031',
        '00000000-0000-4000-8000-000000000031'
    ),
    (
        '00000000-0000-4000-8000-000000005097',
        '00000000-0000-4000-8000-000000000032',
        '00000000-0000-4000-8000-000000005091',
        'expense',
        '👶 子育支援金',
        '👶',
        '#FDE68A',
        60,
        '00000000-0000-4000-8000-000000000031',
        '00000000-0000-4000-8000-000000000031'
    ),
    (
        '00000000-0000-4000-8000-000000005098',
        '00000000-0000-4000-8000-000000000032',
        '00000000-0000-4000-8000-000000005091',
        'expense',
        '🚲 自行车保险',
        '🚲',
        '#FDE68A',
        70,
        '00000000-0000-4000-8000-000000000031',
        '00000000-0000-4000-8000-000000000031'
    ),
    (
        '00000000-0000-4000-8000-000000005099',
        '00000000-0000-4000-8000-000000000032',
        '00000000-0000-4000-8000-000000005091',
        'expense',
        '⚠️ 罚款',
        '⚠️',
        '#FDE68A',
        80,
        '00000000-0000-4000-8000-000000000031',
        '00000000-0000-4000-8000-000000000031'
    ),
    (
        '00000000-0000-4000-8000-000000005100',
        '00000000-0000-4000-8000-000000000032',
        '00000000-0000-4000-8000-000000005091',
        'expense',
        '🗾 故乡纳税',
        '🗾',
        '#FDE68A',
        90,
        '00000000-0000-4000-8000-000000000031',
        '00000000-0000-4000-8000-000000000031'
    ),
    (
        '00000000-0000-4000-8000-000000005101',
        '00000000-0000-4000-8000-000000000032',
        '00000000-0000-4000-8000-000000005091',
        'expense',
        '🏦 办事手续费',
        '🏦',
        '#FDE68A',
        100,
        '00000000-0000-4000-8000-000000000031',
        '00000000-0000-4000-8000-000000000031'
    )
on conflict (id) do nothing;

-- ============================================================
-- Transaction records & items
-- 一笔 transaction_record 对应一家商家，可含多条 transaction_item
-- 每条 item 代表该商家内不同品类的消费
-- ============================================================

insert into public.transaction_record (
    id, ledger_id, type, status, transaction_at, merchant_id, title, note, created_by, updated_by
) values
    -- 業務スーパー 2026-06-05
    ('00000000-0000-4000-8000-000000009001','00000000-0000-4000-8000-000000000032','expense','active','2026-06-05 10:30:00+00','00000000-0000-4000-8000-000000001001',null,null,'00000000-0000-4000-8000-000000000031','00000000-0000-4000-8000-000000000031'),
    -- 業務スーパー 2026-06-02
    ('00000000-0000-4000-8000-000000009002','00000000-0000-4000-8000-000000000032','expense','active','2026-06-02 11:15:00+00','00000000-0000-4000-8000-000000001001',null,null,'00000000-0000-4000-8000-000000000034','00000000-0000-4000-8000-000000000034'),
    -- 業務スーパー 2026-05-28
    ('00000000-0000-4000-8000-000000009003','00000000-0000-4000-8000-000000000032','expense','active','2026-05-28 10:45:00+00','00000000-0000-4000-8000-000000001001',null,null,'00000000-0000-4000-8000-000000000031','00000000-0000-4000-8000-000000000031'),
    -- 肉のハナマサ 2026-06-04
    ('00000000-0000-4000-8000-000000009004','00000000-0000-4000-8000-000000000032','expense','active','2026-06-04 09:20:00+00','00000000-0000-4000-8000-000000001002',null,null,'00000000-0000-4000-8000-000000000031','00000000-0000-4000-8000-000000000031'),
    -- 肉のハナマサ 2026-05-25
    ('00000000-0000-4000-8000-000000009005','00000000-0000-4000-8000-000000000032','expense','active','2026-05-25 08:50:00+00','00000000-0000-4000-8000-000000001002',null,null,'00000000-0000-4000-8000-000000000034','00000000-0000-4000-8000-000000000034'),
    -- コノミヤ 2026-06-03
    ('00000000-0000-4000-8000-000000009006','00000000-0000-4000-8000-000000000032','expense','active','2026-06-03 12:00:00+00','00000000-0000-4000-8000-000000001004',null,null,'00000000-0000-4000-8000-000000000031','00000000-0000-4000-8000-000000000031'),
    -- コノミヤ 2026-05-31
    ('00000000-0000-4000-8000-000000009007','00000000-0000-4000-8000-000000000032','expense','active','2026-05-31 11:30:00+00','00000000-0000-4000-8000-000000001004',null,null,'00000000-0000-4000-8000-000000000034','00000000-0000-4000-8000-000000000034'),
    -- 罗森 2026-06-05
    ('00000000-0000-4000-8000-000000009008','00000000-0000-4000-8000-000000000032','expense','active','2026-06-05 03:15:00+00','00000000-0000-4000-8000-000000001012',null,null,'00000000-0000-4000-8000-000000000031','00000000-0000-4000-8000-000000000031'),
    -- 罗森 2026-06-01
    ('00000000-0000-4000-8000-000000009009','00000000-0000-4000-8000-000000000032','expense','active','2026-06-01 01:30:00+00','00000000-0000-4000-8000-000000001012',null,null,'00000000-0000-4000-8000-000000000034','00000000-0000-4000-8000-000000000034'),
    -- FamilyMart 2026-06-04
    ('00000000-0000-4000-8000-000000009010','00000000-0000-4000-8000-000000000032','expense','active','2026-06-04 04:00:00+00','00000000-0000-4000-8000-000000001013',null,null,'00000000-0000-4000-8000-000000000031','00000000-0000-4000-8000-000000000031'),
    -- 麦当劳 2026-06-03
    ('00000000-0000-4000-8000-000000009011','00000000-0000-4000-8000-000000000032','expense','active','2026-06-03 03:40:00+00','00000000-0000-4000-8000-000000001025',null,null,'00000000-0000-4000-8000-000000000031','00000000-0000-4000-8000-000000000031'),
    -- 麦当劳 2026-05-20
    ('00000000-0000-4000-8000-000000009012','00000000-0000-4000-8000-000000000032','expense','active','2026-05-20 10:20:00+00','00000000-0000-4000-8000-000000001025',null,null,'00000000-0000-4000-8000-000000000034','00000000-0000-4000-8000-000000000034'),
    -- 日本铁路 2026-06-05
    ('00000000-0000-4000-8000-000000009013','00000000-0000-4000-8000-000000000032','expense','active','2026-06-05 00:15:00+00','00000000-0000-4000-8000-000000001010',null,null,'00000000-0000-4000-8000-000000000031','00000000-0000-4000-8000-000000000031'),
    -- 日本铁路 2026-06-02
    ('00000000-0000-4000-8000-000000009014','00000000-0000-4000-8000-000000000032','expense','active','2026-06-02 00:00:00+00','00000000-0000-4000-8000-000000001010',null,null,'00000000-0000-4000-8000-000000000031','00000000-0000-4000-8000-000000000031'),
    -- Amazon 2026-06-01
    ('00000000-0000-4000-8000-000000009015','00000000-0000-4000-8000-000000000032','expense','active','2026-06-01 05:00:00+00','00000000-0000-4000-8000-000000001008',null,null,'00000000-0000-4000-8000-000000000034','00000000-0000-4000-8000-000000000034'),
    -- 株式会社共逹 给薪 2026-06-01
    ('00000000-0000-4000-8000-000000009016','00000000-0000-4000-8000-000000000032','income','active','2026-06-01 00:00:00+00','00000000-0000-4000-8000-000000001021',null,null,'00000000-0000-4000-8000-000000000031','00000000-0000-4000-8000-000000000031'),
    -- KOHYO超市 2026-05-30
    ('00000000-0000-4000-8000-000000009017','00000000-0000-4000-8000-000000000032','expense','active','2026-05-30 11:00:00+00','00000000-0000-4000-8000-000000001005',null,null,'00000000-0000-4000-8000-000000000034','00000000-0000-4000-8000-000000000034'),
    -- 711 2026-06-04
    ('00000000-0000-4000-8000-000000009018','00000000-0000-4000-8000-000000000032','expense','active','2026-06-04 13:30:00+00','00000000-0000-4000-8000-000000001014',null,null,'00000000-0000-4000-8000-000000000034','00000000-0000-4000-8000-000000000034'),
    -- 堂吉诃德 2026-05-22
    ('00000000-0000-4000-8000-000000009019','00000000-0000-4000-8000-000000000032','expense','active','2026-05-22 07:30:00+00','00000000-0000-4000-8000-000000001024',null,null,'00000000-0000-4000-8000-000000000031','00000000-0000-4000-8000-000000000031'),
    -- 优衣库 2026-05-15
    ('00000000-0000-4000-8000-000000009020','00000000-0000-4000-8000-000000000032','expense','active','2026-05-15 05:00:00+00','00000000-0000-4000-8000-000000001029',null,null,'00000000-0000-4000-8000-000000000031','00000000-0000-4000-8000-000000000031')
on conflict (id) do nothing;

insert into public.transaction_item (
    id, ledger_id, transaction_record_id, account_id, category_id,
    stat_type, amount, discount_amount, balance_delta, note, sort_order, created_by, updated_by
) values
    -- 9001 業務スーパー: 食材+饮料+零食+日用品
    ('00000000-0000-4000-8000-000000009101','00000000-0000-4000-8000-000000000032','00000000-0000-4000-8000-000000009001','00000000-0000-4000-8000-000000000043','00000000-0000-4000-8000-000000005021','expense',1280,0,-1280,'猪肉・鸡腿・蔬菜',0,'00000000-0000-4000-8000-000000000031','00000000-0000-4000-8000-000000000031'),
    ('00000000-0000-4000-8000-000000009102','00000000-0000-4000-8000-000000000032','00000000-0000-4000-8000-000000009001','00000000-0000-4000-8000-000000000043','00000000-0000-4000-8000-000000005026','expense',498,0,-498,'麦茶・绿茶',1,'00000000-0000-4000-8000-000000000031','00000000-0000-4000-8000-000000000031'),
    ('00000000-0000-4000-8000-000000009103','00000000-0000-4000-8000-000000000032','00000000-0000-4000-8000-000000009001','00000000-0000-4000-8000-000000000043','00000000-0000-4000-8000-000000005025','expense',324,0,-324,'饼干・薯片',2,'00000000-0000-4000-8000-000000000031','00000000-0000-4000-8000-000000000031'),
    ('00000000-0000-4000-8000-000000009104','00000000-0000-4000-8000-000000000032','00000000-0000-4000-8000-000000009001','00000000-0000-4000-8000-000000000043','00000000-0000-4000-8000-000000005034','expense',756,0,-756,'洗洁精・保鲜膜',3,'00000000-0000-4000-8000-000000000031','00000000-0000-4000-8000-000000000031'),
    -- 9002 業務スーパー: 食材+水果+零食
    ('00000000-0000-4000-8000-000000009105','00000000-0000-4000-8000-000000000032','00000000-0000-4000-8000-000000009002','00000000-0000-4000-8000-000000000043','00000000-0000-4000-8000-000000005021','expense',892,0,-892,'豆腐・纳豆・调味料',0,'00000000-0000-4000-8000-000000000034','00000000-0000-4000-8000-000000000034'),
    ('00000000-0000-4000-8000-000000009106','00000000-0000-4000-8000-000000000032','00000000-0000-4000-8000-000000009002','00000000-0000-4000-8000-000000000043','00000000-0000-4000-8000-000000005024','expense',438,0,-438,'苹果・香蕉',1,'00000000-0000-4000-8000-000000000034','00000000-0000-4000-8000-000000000034'),
    ('00000000-0000-4000-8000-000000009107','00000000-0000-4000-8000-000000000032','00000000-0000-4000-8000-000000009002','00000000-0000-4000-8000-000000000043','00000000-0000-4000-8000-000000005025','expense',267,0,-267,'巧克力',2,'00000000-0000-4000-8000-000000000034','00000000-0000-4000-8000-000000000034'),
    -- 9003 業務スーパー 5月: 食材+饮料+零食+日用品
    ('00000000-0000-4000-8000-000000009108','00000000-0000-4000-8000-000000000032','00000000-0000-4000-8000-000000009003','00000000-0000-4000-8000-000000000043','00000000-0000-4000-8000-000000005021','expense',1560,0,-1560,'肉・蔬菜・米',0,'00000000-0000-4000-8000-000000000031','00000000-0000-4000-8000-000000000031'),
    ('00000000-0000-4000-8000-000000009109','00000000-0000-4000-8000-000000000032','00000000-0000-4000-8000-000000009003','00000000-0000-4000-8000-000000000043','00000000-0000-4000-8000-000000005026','expense',378,0,-378,'果汁・运动饮料',1,'00000000-0000-4000-8000-000000000031','00000000-0000-4000-8000-000000000031'),
    ('00000000-0000-4000-8000-000000009110','00000000-0000-4000-8000-000000000032','00000000-0000-4000-8000-000000009003','00000000-0000-4000-8000-000000000043','00000000-0000-4000-8000-000000005025','expense',445,0,-445,'糖果・威化',2,'00000000-0000-4000-8000-000000000031','00000000-0000-4000-8000-000000000031'),
    ('00000000-0000-4000-8000-000000009111','00000000-0000-4000-8000-000000000032','00000000-0000-4000-8000-000000009003','00000000-0000-4000-8000-000000000043','00000000-0000-4000-8000-000000005034','expense',689,0,-689,'洗发水・沐浴露',3,'00000000-0000-4000-8000-000000000031','00000000-0000-4000-8000-000000000031'),
    -- 9004 肉のハナマサ: 食材+饮料
    ('00000000-0000-4000-8000-000000009112','00000000-0000-4000-8000-000000000032','00000000-0000-4000-8000-000000009004','00000000-0000-4000-8000-000000000041','00000000-0000-4000-8000-000000005021','expense',2340,0,-2340,'牛肉・猪排・鸡翅',0,'00000000-0000-4000-8000-000000000031','00000000-0000-4000-8000-000000000031'),
    ('00000000-0000-4000-8000-000000009113','00000000-0000-4000-8000-000000000032','00000000-0000-4000-8000-000000009004','00000000-0000-4000-8000-000000000041','00000000-0000-4000-8000-000000005026','expense',216,0,-216,'啤酒 2罐',1,'00000000-0000-4000-8000-000000000031','00000000-0000-4000-8000-000000000031'),
    -- 9005 肉のハナマサ 5月: 食材+水果
    ('00000000-0000-4000-8000-000000009114','00000000-0000-4000-8000-000000000032','00000000-0000-4000-8000-000000009005','00000000-0000-4000-8000-000000000041','00000000-0000-4000-8000-000000005021','expense',1890,0,-1890,'牛五花・猪里脊',0,'00000000-0000-4000-8000-000000000034','00000000-0000-4000-8000-000000000034'),
    ('00000000-0000-4000-8000-000000009115','00000000-0000-4000-8000-000000000032','00000000-0000-4000-8000-000000009005','00000000-0000-4000-8000-000000000041','00000000-0000-4000-8000-000000005024','expense',360,0,-360,'草莓',1,'00000000-0000-4000-8000-000000000034','00000000-0000-4000-8000-000000000034'),
    -- 9006 コノミヤ: 食材+水果+零食
    ('00000000-0000-4000-8000-000000009116','00000000-0000-4000-8000-000000000032','00000000-0000-4000-8000-000000009006','00000000-0000-4000-8000-000000000044','00000000-0000-4000-8000-000000005021','expense',645,0,-645,'豆类・面条・调料',0,'00000000-0000-4000-8000-000000000031','00000000-0000-4000-8000-000000000031'),
    ('00000000-0000-4000-8000-000000009117','00000000-0000-4000-8000-000000000032','00000000-0000-4000-8000-000000009006','00000000-0000-4000-8000-000000000044','00000000-0000-4000-8000-000000005024','expense',328,0,-328,'桃子・葡萄',1,'00000000-0000-4000-8000-000000000031','00000000-0000-4000-8000-000000000031'),
    ('00000000-0000-4000-8000-000000009118','00000000-0000-4000-8000-000000000032','00000000-0000-4000-8000-000000009006','00000000-0000-4000-8000-000000000044','00000000-0000-4000-8000-000000005025','expense',189,0,-189,'仙贝',2,'00000000-0000-4000-8000-000000000031','00000000-0000-4000-8000-000000000031'),
    -- 9007 コノミヤ 5月: 食材+日用品
    ('00000000-0000-4000-8000-000000009119','00000000-0000-4000-8000-000000000032','00000000-0000-4000-8000-000000009007','00000000-0000-4000-8000-000000000044','00000000-0000-4000-8000-000000005021','expense',978,0,-978,'鱼・海鲜・豆腐',0,'00000000-0000-4000-8000-000000000034','00000000-0000-4000-8000-000000000034'),
    ('00000000-0000-4000-8000-000000009120','00000000-0000-4000-8000-000000000032','00000000-0000-4000-8000-000000009007','00000000-0000-4000-8000-000000000044','00000000-0000-4000-8000-000000005034','expense',567,0,-567,'厕纸・垃圾袋',1,'00000000-0000-4000-8000-000000000034','00000000-0000-4000-8000-000000000034'),
    -- 9008 罗森: 便当+饮料
    ('00000000-0000-4000-8000-000000009121','00000000-0000-4000-8000-000000000032','00000000-0000-4000-8000-000000009008','00000000-0000-4000-8000-000000000041','00000000-0000-4000-8000-000000005022','expense',498,0,-498,'唐扬弁当',0,'00000000-0000-4000-8000-000000000031','00000000-0000-4000-8000-000000000031'),
    ('00000000-0000-4000-8000-000000009122','00000000-0000-4000-8000-000000000032','00000000-0000-4000-8000-000000009008','00000000-0000-4000-8000-000000000041','00000000-0000-4000-8000-000000005026','expense',158,0,-158,'绿茶',1,'00000000-0000-4000-8000-000000000031','00000000-0000-4000-8000-000000000031'),
    -- 9009 罗森: 零食+饮料+便当
    ('00000000-0000-4000-8000-000000009123','00000000-0000-4000-8000-000000000032','00000000-0000-4000-8000-000000009009','00000000-0000-4000-8000-000000000041','00000000-0000-4000-8000-000000005025','expense',324,0,-324,'甜品・面包',0,'00000000-0000-4000-8000-000000000034','00000000-0000-4000-8000-000000000034'),
    ('00000000-0000-4000-8000-000000009124','00000000-0000-4000-8000-000000000032','00000000-0000-4000-8000-000000009009','00000000-0000-4000-8000-000000000041','00000000-0000-4000-8000-000000005026','expense',178,0,-178,'咖啡拿铁',1,'00000000-0000-4000-8000-000000000034','00000000-0000-4000-8000-000000000034'),
    ('00000000-0000-4000-8000-000000009125','00000000-0000-4000-8000-000000000032','00000000-0000-4000-8000-000000009009','00000000-0000-4000-8000-000000000041','00000000-0000-4000-8000-000000005022','expense',398,0,-398,'海苔弁当',2,'00000000-0000-4000-8000-000000000034','00000000-0000-4000-8000-000000000034'),
    -- 9010 FamilyMart: 便当+饮料
    ('00000000-0000-4000-8000-000000009126','00000000-0000-4000-8000-000000000032','00000000-0000-4000-8000-000000009010','00000000-0000-4000-8000-000000000041','00000000-0000-4000-8000-000000005022','expense',528,0,-528,'麻婆豆腐饭',0,'00000000-0000-4000-8000-000000000031','00000000-0000-4000-8000-000000000031'),
    ('00000000-0000-4000-8000-000000009127','00000000-0000-4000-8000-000000000032','00000000-0000-4000-8000-000000009010','00000000-0000-4000-8000-000000000041','00000000-0000-4000-8000-000000005026','expense',138,0,-138,'矿泉水',1,'00000000-0000-4000-8000-000000000031','00000000-0000-4000-8000-000000000031'),
    -- 9011 麦当劳: 外食+饮料
    ('00000000-0000-4000-8000-000000009128','00000000-0000-4000-8000-000000000032','00000000-0000-4000-8000-000000009011','00000000-0000-4000-8000-000000000048','00000000-0000-4000-8000-000000005023','expense',890,0,-890,'双层芝士堡套餐',0,'00000000-0000-4000-8000-000000000031','00000000-0000-4000-8000-000000000031'),
    ('00000000-0000-4000-8000-000000009129','00000000-0000-4000-8000-000000000032','00000000-0000-4000-8000-000000009011','00000000-0000-4000-8000-000000000048','00000000-0000-4000-8000-000000005026','expense',200,0,-200,'麦咖啡拿铁',1,'00000000-0000-4000-8000-000000000031','00000000-0000-4000-8000-000000000031'),
    -- 9012 麦当劳 5月: 外食
    ('00000000-0000-4000-8000-000000009130','00000000-0000-4000-8000-000000000032','00000000-0000-4000-8000-000000009012','00000000-0000-4000-8000-000000000048','00000000-0000-4000-8000-000000005023','expense',1240,0,-1240,'麦乐鸡+汉堡+薯条',0,'00000000-0000-4000-8000-000000000034','00000000-0000-4000-8000-000000000034'),
    -- 9013 日本铁路: JR
    ('00000000-0000-4000-8000-000000009131','00000000-0000-4000-8000-000000000032','00000000-0000-4000-8000-000000009013','00000000-0000-4000-8000-000000000045','00000000-0000-4000-8000-000000005040','expense',240,0,-240,null,0,'00000000-0000-4000-8000-000000000031','00000000-0000-4000-8000-000000000031'),
    -- 9014 日本铁路: JR
    ('00000000-0000-4000-8000-000000009132','00000000-0000-4000-8000-000000000032','00000000-0000-4000-8000-000000009014','00000000-0000-4000-8000-000000000045','00000000-0000-4000-8000-000000005040','expense',570,0,-570,null,0,'00000000-0000-4000-8000-000000000031','00000000-0000-4000-8000-000000000031'),
    -- 9015 Amazon: 电子数码+日用品+零食
    ('00000000-0000-4000-8000-000000009133','00000000-0000-4000-8000-000000000032','00000000-0000-4000-8000-000000009015','00000000-0000-4000-8000-000000000047','00000000-0000-4000-8000-000000005086','expense',3800,0,-3800,'USB充电器',0,'00000000-0000-4000-8000-000000000034','00000000-0000-4000-8000-000000000034'),
    ('00000000-0000-4000-8000-000000009134','00000000-0000-4000-8000-000000000032','00000000-0000-4000-8000-000000009015','00000000-0000-4000-8000-000000000047','00000000-0000-4000-8000-000000005034','expense',1280,0,-1280,'洗衣液・收纳盒',1,'00000000-0000-4000-8000-000000000034','00000000-0000-4000-8000-000000000034'),
    ('00000000-0000-4000-8000-000000009135','00000000-0000-4000-8000-000000000032','00000000-0000-4000-8000-000000009015','00000000-0000-4000-8000-000000000047','00000000-0000-4000-8000-000000005025','expense',890,0,-890,'坚果・燕麦',2,'00000000-0000-4000-8000-000000000034','00000000-0000-4000-8000-000000000034'),
    -- 9016 株式会社共逹 给薪: 工资+职务手当+住房手当+通勤手当
    ('00000000-0000-4000-8000-000000009136','00000000-0000-4000-8000-000000000032','00000000-0000-4000-8000-000000009016','00000000-0000-4000-8000-000000000043','00000000-0000-4000-8000-000000005002','income',280000,0,280000,null,0,'00000000-0000-4000-8000-000000000031','00000000-0000-4000-8000-000000000031'),
    ('00000000-0000-4000-8000-000000009137','00000000-0000-4000-8000-000000000032','00000000-0000-4000-8000-000000009016','00000000-0000-4000-8000-000000000043','00000000-0000-4000-8000-000000005004','income',15000,0,15000,null,1,'00000000-0000-4000-8000-000000000031','00000000-0000-4000-8000-000000000031'),
    ('00000000-0000-4000-8000-000000009138','00000000-0000-4000-8000-000000000032','00000000-0000-4000-8000-000000009016','00000000-0000-4000-8000-000000000043','00000000-0000-4000-8000-000000005007','income',20000,0,20000,null,2,'00000000-0000-4000-8000-000000000031','00000000-0000-4000-8000-000000000031'),
    ('00000000-0000-4000-8000-000000009139','00000000-0000-4000-8000-000000000032','00000000-0000-4000-8000-000000009016','00000000-0000-4000-8000-000000000043','00000000-0000-4000-8000-000000005008','income',8000,0,8000,null,3,'00000000-0000-4000-8000-000000000031','00000000-0000-4000-8000-000000000031'),
    -- 9017 KOHYO超市 5月: 食材+水果+饮料
    ('00000000-0000-4000-8000-000000009140','00000000-0000-4000-8000-000000000032','00000000-0000-4000-8000-000000009017','00000000-0000-4000-8000-000000000044','00000000-0000-4000-8000-000000005021','expense',756,0,-756,'有机蔬菜・豆腐',0,'00000000-0000-4000-8000-000000000034','00000000-0000-4000-8000-000000000034'),
    ('00000000-0000-4000-8000-000000009141','00000000-0000-4000-8000-000000000032','00000000-0000-4000-8000-000000009017','00000000-0000-4000-8000-000000000044','00000000-0000-4000-8000-000000005024','expense',548,0,-548,'芒果・菠萝',1,'00000000-0000-4000-8000-000000000034','00000000-0000-4000-8000-000000000034'),
    ('00000000-0000-4000-8000-000000009142','00000000-0000-4000-8000-000000000032','00000000-0000-4000-8000-000000009017','00000000-0000-4000-8000-000000000044','00000000-0000-4000-8000-000000005026','expense',298,0,-298,'果汁・茶',2,'00000000-0000-4000-8000-000000000034','00000000-0000-4000-8000-000000000034'),
    -- 9018 711: 零食+饮料
    ('00000000-0000-4000-8000-000000009143','00000000-0000-4000-8000-000000000032','00000000-0000-4000-8000-000000009018','00000000-0000-4000-8000-000000000041','00000000-0000-4000-8000-000000005025','expense',289,0,-289,'冰淇淋・糖',0,'00000000-0000-4000-8000-000000000034','00000000-0000-4000-8000-000000000034'),
    ('00000000-0000-4000-8000-000000009144','00000000-0000-4000-8000-000000000032','00000000-0000-4000-8000-000000009018','00000000-0000-4000-8000-000000000041','00000000-0000-4000-8000-000000005026','expense',158,0,-158,'茶饮料',1,'00000000-0000-4000-8000-000000000034','00000000-0000-4000-8000-000000000034'),
    -- 9019 堂吉诃德 5月: 日用品+零食+美容
    ('00000000-0000-4000-8000-000000009145','00000000-0000-4000-8000-000000000032','00000000-0000-4000-8000-000000009019','00000000-0000-4000-8000-000000000049','00000000-0000-4000-8000-000000005034','expense',1245,0,-1245,'清洁用品・厨房用品',0,'00000000-0000-4000-8000-000000000031','00000000-0000-4000-8000-000000000031'),
    ('00000000-0000-4000-8000-000000009146','00000000-0000-4000-8000-000000000032','00000000-0000-4000-8000-000000009019','00000000-0000-4000-8000-000000000049','00000000-0000-4000-8000-000000005025','expense',678,0,-678,'进口零食',1,'00000000-0000-4000-8000-000000000031','00000000-0000-4000-8000-000000000031'),
    ('00000000-0000-4000-8000-000000009147','00000000-0000-4000-8000-000000000032','00000000-0000-4000-8000-000000009019','00000000-0000-4000-8000-000000000049','00000000-0000-4000-8000-000000005058','expense',845,0,-845,'头发护理产品',2,'00000000-0000-4000-8000-000000000031','00000000-0000-4000-8000-000000000031'),
    -- 9020 优衣库 5月: 上衣+下裤+内衣裤
    ('00000000-0000-4000-8000-000000009148','00000000-0000-4000-8000-000000000032','00000000-0000-4000-8000-000000009020','00000000-0000-4000-8000-000000000048','00000000-0000-4000-8000-000000005053','expense',2990,0,-2990,'HEATTECH内衣×3',0,'00000000-0000-4000-8000-000000000031','00000000-0000-4000-8000-000000000031'),
    ('00000000-0000-4000-8000-000000009149','00000000-0000-4000-8000-000000000032','00000000-0000-4000-8000-000000009020','00000000-0000-4000-8000-000000000048','00000000-0000-4000-8000-000000005054','expense',3990,0,-3990,'牛仔裤',1,'00000000-0000-4000-8000-000000000031','00000000-0000-4000-8000-000000000031'),
    ('00000000-0000-4000-8000-000000009150','00000000-0000-4000-8000-000000000032','00000000-0000-4000-8000-000000009020','00000000-0000-4000-8000-000000000048','00000000-0000-4000-8000-000000005056','expense',1490,0,-1490,'运动内裤×3',2,'00000000-0000-4000-8000-000000000031','00000000-0000-4000-8000-000000000031')
on conflict (id) do nothing;

commit;
